"keys";"?plural";"?context";"en"
"?pluralrule";"";"";"nplurals=2; plural=(n != 1);"
"AUTH_BROWSER_OPENING";"";"";"Opening browser..."
"AUTH_BROWSER_WAITING";"";"";"Waiting for browser..."
"AUTH_CHOOSE_LOOK_TITLE";"";"";"Choose your look"
"AUTH_DEEPLINK_FINISHING";"";"";"Finishing sign in..."
"AUTH_EMAIL_CONFIRMING";"";"";"Confirming login..."
"AUTH_EMAIL_PLACEHOLDER";"";"";"name@email.com"
"AUTH_EMAIL_PROMPT";"";"";"Enter your email"
"AUTH_EMAIL_TITLE";"";"";"Sign in with your email"
"AUTH_FAILED_TITLE";"";"";"Authentication failed"
"AUTH_GETTING_READY";"";"";"Getting you ready..."
"AUTH_LEGAL_CONSENT";"";"";"By continuing, you agree to Decentraland’s [color=#A0ABFF][url=""https://decentraland.org/terms/""]Terms of Service[/url][/color], [color=#A0ABFF][url=""https://decentraland.org/privacy/""]Privacy Policy[/url][/color] and [color=#A0ABFF][url=""https://decentraland.org/content/""]Content Policy[/url][/color]."
"AUTH_LETS_GO";"";"";"LET'S GO"
"AUTH_LOGIN_APPLE";"";"";"APPLE"
"AUTH_LOGIN_EMAIL";"";"";"CONTINUE WITH EMAIL"
"AUTH_LOGIN_GOOGLE";"";"";"GOOGLE"
"AUTH_LOGIN_METAMASK";"";"";"METAMASK"
"AUTH_LOGIN_WALLET_CONNECT";"";"";"WALLET CONNECT"
"AUTH_NAME_FIELD_LABEL";"";"";"Name"
"AUTH_NAME_SAFETY_HINT";"";"";"*Avoid using your real name for safety"
"AUTH_OTP_SEND_CODE_FAILED";"";"";"Couldn't send code. Please check your email and try again."
"AUTH_PICK_NAME_TITLE";"";"";"Pick your name"
"AUTH_PLAY_AS_GUEST";"";"";"PLAY AS GUEST"
"AUTH_QUICK_DIVE";"";"";"QUICK DIVE (DISPOSABLE ACCOUNT)"
"AUTH_SIGNED_IN_AS";"";"";"You're signed in as"
"AUTH_SIGNED_IN_AS_NAME";"";"";"You're signed in as
{name}."
"AUTH_SIGN_IN_BUTTON";"";"";"SIGN IN"
"AUTH_SIGN_IN_TITLE";"";"";"Sign in to Decentraland"
"AUTH_UPDATE_BODY";"";"";"A new version of Decentraland is available. Update for the best experience."
"AUTH_UPDATE_TITLE";"";"";"New Version Available"
"AUTH_USE_ANOTHER_ACCOUNT";"";"";"Use another account"
"AUTH_WALLET_OPENING_METAMASK";"";"";"Opening MetaMask..."
"AUTH_WALLET_WAITING_METAMASK";"";"";"Waiting for MetaMask..."
"AUTH_WELCOME_BACK";"";"";"Welcome back"
"AUTH_WELCOME_TAGLINE";"";"";"Discover a world shaped
by its community"
"AUTH_WELCOME_TITLE";"";"";"Welcome to Decentraland"
"BACKPACK_ALL";"";"";"All"
"BACKPACK_ALL_CAPS";"";"";"ALL"
"BACKPACK_BACKPACK";"";"";"Backpack"
"BACKPACK_BODY";"";"";"BODY"
"BACKPACK_CLOTHING";"";"";"CLOTHING"
"BACKPACK_COLLECTIBLES";"";"";"Collectibles"
"BACKPACK_COLOR_LABEL";"";"";"{category} Color"
"BACKPACK_EMOTES";"";"";"Emotes"
"BACKPACK_EQUIPPED";"";"";"Equipped"
"BACKPACK_EXTRAS";"";"";"EXTRAS"
"BACKPACK_FACE";"";"";"FACE"
"BACKPACK_FIND_NEW_ONES_IN_THE_MARKETPLACE";"";"";"Find new ones in the
[color=#A0ABFF][url]Marketplace[/url][/color]"
"BACKPACK_NOTHING_HERE_YET";"";"";"Nothing here yet"
"BACKPACK_OUTFITS";"";"";"Outfits"
"BACKPACK_WEARABLES";"";"";"Wearables"
"CALENDAR_EVENT_LOCATION";"";"";"Decentraland at {x},{y}"
"CALENDAR_TIME_RANGE";"";"";"{start} to {end} {tz}"
"CHANGE_NICK_POPUP_A_NAME_COMES_WITH_A_WORLD";"";"";"A NAME comes with a World you can build and host events in and grants DAO Voting Power too!"
"CHANGE_NICK_POPUP_CLAIM_A_UNIQUE_NAME_FOR_THE";"";"";"Claim a unique NAME for the full Decentraland experience!"
"CHANGE_NICK_POPUP_CLAIM_NAME";"";"";"CLAIM NAME"
"CHANGE_NICK_POPUP_EDIT_USERNAME";"";"";"Edit Username"
"CHANGE_NICK_POPUP_SAVE";"";"";"SAVE"
"CHANGE_NICK_POPUP_USERNAME";"";"";"Username"
"CHATBAR_YOU_CAN_SWITCH_VERTICAL_CHAT_MODE";"";"";"You can switch vertical chat mode"
"CHAT_HEADER_NEARBY";"";"";"Nearby"
"CHAT_SEND";"";"";"SEND"
"CHAT_SYSTEM_CHANGING_REALM";"";"";"[color=#ccc]Trying to change to realm {realm}[/color]"
"CHAT_SYSTEM_CHANGING_WORLD";"";"";"[color=#ccc]Trying to change to world {world}[/color]"
"CHAT_SYSTEM_NO_CAMERA";"";"";"[color=#ccc]🔴 No active camera[/color]"
"CHAT_SYSTEM_SENDER";"";"";"System"
"CHAT_SYSTEM_TELEPORTED";"";"";"[color=#ccc]🟢 Teleported to {location}[/color]"
"CHAT_SYSTEM_UNKNOWN_COMMAND";"";"";"[color=#ccc]🔴 Unknown command[/color]"
"CHAT_SYSTEM_WELCOME";"";"";"[color=#cfc][b]Welcome to Decentraland! Respect others and have fun.[/b][/color]"
"CHAT_WRITE_A_MESSAGE";"";"";"Write a message"
"CHAT_WRITE_A_MESSAGE_ELLIPSIS";"";"";"Write a message..."
"CODE_MODAL_ENTER_VERIFICATION_CODE";"";"";"Enter verification code"
"CODE_MODAL_OTP_SENT_TO";"";"";"One time password sent to [b]{email}[/b]. Please enter the code below to complete verification."
"CODE_MODAL_RESEND_LINK_ACTIVE";"";"";"[u][color=#A0ABFF]Resend email[/color][/u]"
"CODE_MODAL_RESEND_LINK_DIMMED";"";"";"[u][color=#A0ABFFB3]Resend email ({minutes}:{seconds})[/color][/u]"
"CODE_MODAL_RESEND_PREFIX";"";"";"Didn't get an email? "
"CODE_MODAL_RESEND_PROMPT";"";"";"Didn't get an email? [u][color=A0ABFF]Resend email"
"CODE_MODAL_SENT_TO";"";"";"One time password sent to [b]your@email.com[/b]. Please enter the code below to complete verification."
"CODE_MODAL_THE_CODE_IS_INVALID_OR_EXPIRED";"";"";"The code is invalid or expired. Please resend code."
"CODE_MODAL_VERIFYING";"";"";"Verifying..."
"COLOR_CARROUSEL_HAIR_COLOR";"";"";"Hair Color"
"COLOR_PICKER_PRESETS";"";"";"PRESETS
"
"COMMON_ADD_EMAIL";"";"";"ADD EMAIL"
"COMMON_BLOCKED";"";"";"BLOCKED"
"COMMON_BY";"";"";"by"
"COMMON_CANCEL";"";"";"CANCEL"
"COMMON_DESCRIPTION";"";"";"DESCRIPTION"
"COMMON_DONE";"";"";"DONE"
"COMMON_EDIT";"";"";"EDIT"
"COMMON_EMAIL_ALREADY_LINKED";"";"";"This email is already linked to another account."
"COMMON_EMPTY_PARCEL";"";"";"Empty parcel"
"COMMON_JUMP_IN";"";"";"JUMP IN"
"COMMON_NEARBY";"";"";"NEARBY"
"COMMON_NEXT";"";"";"NEXT"
"COMMON_NOT_NOW";"";"";"NOT NOW"
"COMMON_OR";"";"";"or"
"COMMON_SOMEONE";"";"";"Someone"
"COMMON_SOMETHING_WENT_WRONG";"";"";"Ups! Something went wrong"
"COMMON_SOMETHING_WENT_WRONG_RETRY";"";"";"Something went wrong. Please try again."
"COMMON_TAP_TO_CONTINUE";"";"";"Tap to continue"
"COMMON_TOO_MANY_ATTEMPTS";"";"";"Too many attempts. Please wait a moment and try again."
"COMMON_TRY_AGAIN";"";"";"TRY AGAIN"
"COMMON_UNKNOWN_PLACE";"";"";"Unknown Place"
"COMMON_UNKNOWN_USER";"";"";"Unknown"
"COMMON_UNLOCK_THE_FULL_EXPERIENCE";"";"";"Unlock the full experience"
"COMMON_UPDATE";"";"";"UPDATE"
"CREDITS_AMOUNT_DEDUCTED";"";"";"-{amount}"
"CREDITS_BALANCE_CARD_MY_CREDITS";"";"";"My Credits"
"CREDITS_CREDITS";"";"";"Credits"
"CREDITS_HISTORY_ITEM_REFUND_DEDUCTION";"";"";"Refund Deduction"
"CREDITS_HISTORY_PURCHASE_HISTORY";"";"";"purchase history"
"CREDITS_PURCHASED";"CREDITS_PURCHASED_PLURAL";"";"Purchased {credits} CREDIT"
"";"";"";"Purchased {credits} CREDITS"
"CREDITS_PURCHASES";"";"";"Purchases"
"CREDITS_QUANTITY";"";"";"Credits x{amount}"
"CREDITS_SHOP_CREDITS_ARE_A_LIMITED_DIGITAL_IN";"";"";"Credits are a limited digital in-app utility purchased with real money via Apple. You can use Credits to acquire digital content, such as Wearables and Emotes, in the iOS App."
"CREDITS_SHOP_CREDITS_DO_NOT_EXPIRE_HOWEVER_THE";"";"";"Credits do not expire. However, the Foundation may set expiration dates or discontinue them in the future by providing at least 30 days of prior notice."
"CREDITS_SHOP_DO_CREDITS_EXPIRE";"";"";"Do Credits expire?"
"CREDITS_SHOP_FAQ";"";"";"FAQ"
"CREDITS_SHOP_LICENCE";"";"";"I agree that I am purchasing a limited license to use Credits governed by the [color=#E8B9FF][url=""https://decentraland.org/credits-terms""]Credits Terms[/url][/color]. By purchasing Credits, you agree to Decentraland's [color=#E8B9FF][url=""https://decentraland.org/terms""]Terms of Use[/url][/color] and [color=#E8B9FF][url=""https://decentraland.org/privacy""]Privacy Policy[/url][/color]."
"CREDITS_SHOP_WHAT_ARE_CREDITS";"";"";"What are Credits?"
"CUSTOM_BUTTON_SIGN_OUT";"";"";"SIGN OUT"
"CUSTOM_SLIDER_ERROR";"";"";"Error"
"DATE_AM";"";"";"am"
"DATE_MONTH_APR";"";"";"Apr"
"DATE_MONTH_AUG";"";"";"Aug"
"DATE_MONTH_DEC";"";"";"Dec"
"DATE_MONTH_FEB";"";"";"Feb"
"DATE_MONTH_JAN";"";"";"Jan"
"DATE_MONTH_JUL";"";"";"Jul"
"DATE_MONTH_JUN";"";"";"Jun"
"DATE_MONTH_MAR";"";"";"Mar"
"DATE_MONTH_MAY";"";"";"May"
"DATE_MONTH_NOV";"";"";"Nov"
"DATE_MONTH_OCT";"";"";"Oct"
"DATE_MONTH_SEP";"";"";"Sep"
"DATE_PM";"";"";"pm"
"DATE_SHORT_FORMAT";"";"";"{weekday}, {month} {day}."
"DATE_WEEKDAY_FRI";"";"";"Fri"
"DATE_WEEKDAY_MON";"";"";"Mon"
"DATE_WEEKDAY_SAT";"";"";"Sat"
"DATE_WEEKDAY_SUN";"";"";"Sun"
"DATE_WEEKDAY_THU";"";"";"Thu"
"DATE_WEEKDAY_TUE";"";"";"Tue"
"DATE_WEEKDAY_WED";"";"";"Wed"
"DIALOGS_CANCEL";"";"";"Cancel"
"DIALOGS_DESCRIPTION";"";"";"DESCRIPTION"
"DIALOGS_LOADING_NFT";"";"";"Loading NFT..."
"DIALOGS_NO";"";"";"No"
"DIALOGS_OWNER";"";"";"OWNER"
"DIALOGS_VIEW_ON_OPENSEA";"";"";"VIEW ON OPENSEA"
"DIALOGS_YES";"";"";"Yes"
"DIALOG_STACK_TABS";"";"";"Tabs: {count}"
"DISCOVER_CLEAN_ALL";"";"";"Clean all"
"DISCOVER_DISCOVER";"";"";"Discover"
"DISCOVER_DOWNLOADS_UP_TO_1GB_OF_DATA";"";"";"Downloads up to 1GB of data"
"DISCOVER_EVENTS";"";"";"Events"
"DISCOVER_EXPLORE_MORE";"";"";"Explore more"
"DISCOVER_FAVORITES";"";"";"Favorites"
"DISCOVER_FEATURED";"";"";"Featured"
"DISCOVER_FRIENDS";"";"";"Friends"
"DISCOVER_IT_SEEMS_THERE_IS_NOTHING_TO";"";"";"It seems there is nothing to show here..."
"DISCOVER_LAST_VISITED";"";"";"Last Visited"
"DISCOVER_LIVE";"";"";"LIVE"
"DISCOVER_MOST_ACTIVES";"";"";"Most Actives"
"DISCOVER_MY_PLACES";"";"";"My Places"
"DISCOVER_NO_RESULT_FOUND";"";"";"No result found"
"DISCOVER_POINT_OF_INTEREST";"";"";"point of interest"
"DISCOVER_RECENT_SEARCHES";"";"";"Recent searches"
"DISCOVER_SCENES";"";"";"Scenes"
"DISCOVER_SEARCHING";"";"";"Searching!"
"DISCOVER_SOMETHING_WENT_WRONG";"";"";"Something
went wrong"
"DISCOVER_THERE_WAS_AN_ERROR_AND_PLACES";"";"";"There was an error and places couldn't get fetched."
"DISCOVER_TRENDING";"";"";"Trending"
"DISCOVER_TRY_SEARCHING_WITH_DIFFERENT_KEYWORDS";"";"";"Try searching with
different keywords."
"DISCOVER_WE_COULDN_T_LOAD_THE_RESULTS";"";"";"We couldn’t load the results.
Please try again."
"DROPDOWN_LIST_SELECT";"";"";"Select"
"EMOTES_EDIT";"";"";"Edit"
"EMOTES_EMOTES";"";"";"Emotes"
"EMOTES_EQUIP";"";"";"EQUIP"
"EMOTES_EQUIP_EMOTE";"";"";"Equip Emote"
"EMOTES_NEW";"";"";"NEW"
"EMOTES_UNEQUIP";"";"";"UNEQUIP"
"EVENTS_REMINDER_SET";"";"";"REMINDER SET"
"EVENTS_REMIND_ME";"";"";"REMIND ME"
"EVENTS_SIGN_IN_TO_USE_REMINDERS";"";"";"SIGN IN TO USE REMINDERS"
"EVENT_FREQUENCY_DAILY";"";"";"Daily"
"EVENT_FREQUENCY_MONTHLY";"";"";"Monthly"
"EVENT_FREQUENCY_WEEKLY";"";"";"Weekly"
"EVENT_PILL_DATE";"";"";"{month} {day}"
"EVENT_PILL_IN_DAY";"EVENT_PILL_IN_DAY_PLURAL";"";"IN {days} DAY"
"";"";"";"IN {days} DAYS"
"EVENT_PILL_IN_HR";"EVENT_PILL_IN_HR_PLURAL";"";"IN {hours} HR"
"";"";"";"IN {hours} HRS"
"EVENT_PILL_IN_MIN";"EVENT_PILL_IN_MIN_PLURAL";"";"IN {minutes} MIN"
"";"";"";"IN {minutes} MINS"
"FAV_BUTTON_UNFAVORITE";"";"";"UNFAVORITE"
"FRIENDS_FRIENDS";"";"";"FRIENDS"
"FRIENDS_FRIENDS_COULDNT_LOAD";"";"";"Friends couldn't load"
"FRIENDS_MEET_PEOPLE_NEARBY";"";"";"Meet people nearby and add them as friends."
"FRIENDS_NOW_ONLINE";"";"";"[color=#{color}]{name}[/color] [color=#8f8]is now online[/color]"
"FRIENDS_NO_FRIENDS_YET";"";"";"No friends yet"
"FRIENDS_NO_ONE_NEARBY";"";"";"No One Nearby"
"FRIENDS_NO_PENDING_REQUESTS";"";"";"No pending requests"
"FRIENDS_OFFLINE";"";"";"OFFLINE"
"FRIENDS_ONLINE";"";"";"ONLINE"
"FRIENDS_RECEIVED";"";"";"RECEIVED"
"FRIENDS_REQUESTS";"";"";"REQUESTS"
"FRIENDS_SENT";"";"";"SENT"
"FRIENDS_SOCIAL";"";"";"Social"
"FRIENDS_SOMETHING_WENT_WRONG_LOADING";"";"";"Something went wrong while loading your friends.
Try again later."
"FRIENDS_TRY_TRAVELING_SOMEWHERE_ELSE_TO_MEET";"";"";"Try traveling somewhere else to meet new people."
"FTUE_WELCOME";"";"";"Welcome [color=#B18AFF]@{name}[/color]
Let's get you started"
"FTUE_WELCOME_PLACEHOLDER";"";"";"Welcome [color=#E8B9FF]@UserName[/color] Let's get you started"
"GUEST_UPGRADE_CARD_ADD_EMAIL_TO_PLAY_ACROSS_MOBILE";"";"";"Add email to play across mobile and desktop, and claim an exclusive Wearable."
"GUEST_UPGRADE_DISCOVER";"";"";"DISCOVER"
"IAP_PURCHASE_OVERLAY_LOADING";"";"";"Loading..."
"IAP_PURCHASE_SUCCESS_MODAL_PURCHASE_SUCCESSFUL";"";"";"Purchase
Successful"
"INFO_PANEL_LESS";"";"";"LESS"
"INFO_PANEL_MORE";"";"";"MORE"
"INPUTS_INVALID_FORMAT";"";"";"Invalid format"
"INPUTS_TYPE_TEXT_HERE";"";"";"Type text here..."
"INPUT_ERROR_CHARACTER_LIMIT";"";"";"Characters limit reached"
"INPUT_ERROR_NO_EDGE_SPACES";"";"";"Edge spaces aren't allowed"
"INPUT_ERROR_NO_SPACES";"";"";"Spaces aren't allowed"
"INPUT_ERROR_NO_SPECIAL_CHARACTERS";"";"";"Special characters aren't allowed"
"INPUT_MODAL_ADD";"";"";"ADD"
"INPUT_MODAL_ADD_EMAIL";"";"";"Add Email"
"INPUT_MODAL_MY_EMAIL";"";"";"My Email"
"INPUT_MODAL_NAME_EMAIL_COM";"";"";"name@email.com"
"JUMP_IN_POPUP_CREATED_BY";"";"";"Created by {creator}"
"JUMP_IN_POPUP_CREATED_BY_UNKNOWN";"";"";"Created by Unknown"
"LOADING_CREATED_BY";"";"";"[color=#DF9CFF]By[/color] [b]{creator}[/b]"
"LOADING_ENJOY_EXPERIENCE";"";"";"Enjoy your Experience"
"LOADING_PERCENT";"";"";"{value}%"
"LOBBY_DISCARD";"";"";"DISCARD"
"LOBBY_DISCARD_BODY";"";"";"Your avatar changes won't be saved."
"LOBBY_DISCARD_CHANGES";"";"";"Discard changes?"
"LOBBY_GUEST_SESSION_FAILED";"";"";"We couldn't start your guest session. Please try again."
"LOBBY_GUEST_WALLET_RESET";"";"";"Guest wallet reset"
"LOBBY_SOMETHING_WENT_WRONG";"";"";"Something went wrong"
"MARKETPLACE_RECOMMENDED_SECTION_RECOMMENDED_FOR_YOU";"";"";"Recommended for you"
"MENU_ADD_EMAIL_RECOVERY";"";"";"Add Email Recovery"
"MENU_ALL_YOUR_PROGRESS_PURCHASES_AND_DATA";"";"";"All your progress, purchases and data will be lost. This action is permanent and cannot be undone."
"MENU_CANCEL_DELETION";"";"";"CANCEL DELETION"
"MENU_DELETION_REQUESTED";"";"";"Deletion Requested"
"MENU_EMAIL_LINKED";"";"";"Email Linked"
"MENU_ENTER_CODE";"";"";"Enter Code"
"MENU_ENTER_THE_NUMERIC_CODE_WE_SENT";"";"";"Enter the numeric code we sent you."
"MENU_IF_YOU_REGISTERED_YOUR_DECENTRALAND_ACCOUNT";"";"";"*If you registered your Decentraland account via a non custodial wallet, there is no data to be removed as we don’t store your data."
"MENU_INVALID_RESPONSE";"";"";"Invalid response"
"MENU_LINK_AN_EMAIL_TO_RECOVER_THIS";"";"";"Link an email to recover this account. Your wallet address stays the same."
"MENU_NAVBAR_BUTTON_DISCOVER";"";"";"DISCOVER"
"MENU_OK";"";"";"OK"
"MENU_OOOPS_SOMETHING_WENT_WRONG";"";"";"Ooops... Something
Went Wrong"
"MENU_PLEASE_ENTER_A_VALID_EMAIL_ADDRESS";"";"";"Please enter a valid email address."
"MENU_PROCESSING";"";"";"Processing"
"MENU_REQUEST_ACCOUNT_DELETION";"";"";"Request Account Deletion?"
"MENU_RESEND_CODE";"";"";"RESEND CODE"
"MENU_SEND_CODE";"";"";"SEND CODE"
"MENU_THIS_PROCESS_CAN_TAKE_UP_TO";"";"";"This process can take up to 30d to complete."
"MENU_UPDATING_PROFILE";"";"";"Updating profile..."
"MENU_VERIFY";"";"";"VERIFY"
"MENU_WE_COULDN_T_PROCESS_YOUR_REQUEST";"";"";"We couldn’t process your request.
Please try again later"
"MENU_WE_LL_KEEP_YOU_UPDATED_ON";"";"";"We’ll keep you updated on the process through the email address used to register the account."
"MENU_WE_SENT_A_CODE_TO_YOUR";"";"";"We sent a code to your email"
"MENU_YES_DELETE";"";"";"YES, DELETE"
"MENU_YOUR_EMAIL_IS_LINKED_YOU_CAN";"";"";"Your email is linked. You can now recover this account."
"MENU_YOU_EXAMPLE_COM";"";"";"you@example.com"
"MODAL_ADD_EMAIL_ERROR_BODY";"";"";"Something went wrong. Please try again later."
"MODAL_ADD_EMAIL_ERROR_TITLE";"";"";"Something went wrong"
"MODAL_ADD_EMAIL_PLACEHOLDER";"";"";"name@email.com"
"MODAL_ADD_EMAIL_SUBTITLE";"";"";"My email"
"MODAL_ADD_EMAIL_TITLE";"";"";"Add Email"
"MODAL_BAN_KICKED_BODY";"";"";"Please contact support for more information."
"MODAL_BAN_KICKED_PRIMARY";"";"";"BACK TO DISCOVER"
"MODAL_BAN_KICKED_TITLE";"";"";"You've been banned"
"MODAL_BAN_PRE_CHECK_BODY";"";"";"You're banned from this scene.
Please contact support for more information."
"MODAL_BAN_PRE_CHECK_PRIMARY";"";"";"BACK TO DISCOVER"
"MODAL_BAN_PRE_CHECK_TITLE";"";"";"You can't enter"
"MODAL_BY";"";"";"by"
"MODAL_CODE_INVALID_OR_EXPIRED";"";"";"The code is invalid or expired. Please resend code."
"MODAL_CONNECTION_LOST_BODY";"";"";"Please check your internet connection and try again."
"MODAL_CONNECTION_LOST_PRIMARY";"";"";"RETRY"
"MODAL_CONNECTION_LOST_SECONDARY";"";"";"EXIT"
"MODAL_CONNECTION_LOST_TITLE";"";"";"Connection lost"
"MODAL_CREDIT_LIMIT_DAILY_BODY";"";"";"You've reached the maximum amount of credits you can buy today."
"MODAL_CREDIT_LIMIT_PRIMARY";"";"";"OK"
"MODAL_CREDIT_LIMIT_TITLE";"";"";"Limit reached"
"MODAL_CREDIT_LIMIT_TOTAL_BODY";"";"";"You can't buy more credits because you've reached maximum holding limit. Spend your credits to buy more."
"MODAL_EMAIL_INVALID";"";"";"Invalid email"
"MODAL_EMAIL_IN_USE_BODY";"";"";"This email is already linked to another account.
Try a different email."
"MODAL_EMAIL_IN_USE_TITLE";"";"";"Email already in use"
"MODAL_EXTERNAL_LINK_BODY";"";"";"You're about to visit an external website. Make sure you trust this site before continuing."
"MODAL_EXTERNAL_LINK_PRIMARY";"";"";"OPEN LINK"
"MODAL_EXTERNAL_LINK_SECONDARY";"";"";"CANCEL"
"MODAL_EXTERNAL_LINK_TITLE";"";"";"Open external link?"
"MODAL_IAP_TERMS_CHECKBOX";"";"";"I have read and accept Decentraland's [color=#E8B9FF][url=""https://decentraland.org/terms""]Terms of Use[/url][/color], [color=#E8B9FF][url=""https://decentraland.org/privacy""]Privacy Policy[/url][/color], [color=#E8B9FF][url=""https://decentraland.org/content""]Content Policy[/url][/color] and [color=#E8B9FF][url=""https://decentraland.org/credits-terms""]Credits Terms of Use[/url][/color]."
"MODAL_IAP_TERMS_PRIMARY";"";"";"CONFIRM"
"MODAL_IAP_TERMS_SECONDARY";"";"";"CANCEL"
"MODAL_IAP_TERMS_TITLE";"";"";"Terms of Use"
"MODAL_LOADING_IS_TAKING_LONGER_THAN_EXPECTED";"";"";"Loading is taking longer than expected"
"MODAL_LOW_MEMORY_BODY";"";"";"This place may not run smoothly on your device and could close unexpectedly."
"MODAL_LOW_MEMORY_PRIMARY";"";"";"CONTINUE"
"MODAL_LOW_MEMORY_SECONDARY";"";"";"BACK TO DISCOVER"
"MODAL_LOW_MEMORY_TITLE";"";"";"Low memory"
"MODAL_LOW_SPEC_IPHONE_BODY";"";"";"Your device is below our recommended specs (iPhone 13/SE 2023). You may notice slowdowns, crashes or heating issues while playing."
"MODAL_LOW_SPEC_IPHONE_PRIMARY";"";"";"OK"
"MODAL_LOW_SPEC_IPHONE_TITLE";"";"";"Limited performance"
"MODAL_PRIVATE_WORLD_BODY";"";"";"Only invited people can enter."
"MODAL_PRIVATE_WORLD_PRIMARY";"";"";"OK"
"MODAL_PRIVATE_WORLD_TITLE";"";"";"{world} is private"
"MODAL_PURCHASE_FAILED_BODY";"";"";"Your purchase could not be completed"
"MODAL_PURCHASE_FAILED_PRIMARY";"";"";"OK"
"MODAL_PURCHASE_FAILED_TITLE";"";"";"Something
went wrong"
"MODAL_PURCHASE_IN_FLIGHT_BODY";"";"";"A purchase is already being processed. Please wait for it to complete before starting a new one."
"MODAL_PURCHASE_IN_FLIGHT_PRIMARY";"";"";"OK"
"MODAL_PURCHASE_IN_FLIGHT_TITLE";"";"";"Purchase in progress"
"MODAL_PURCHASE_PROCESSING_BODY";"";"";"Your purchase went through and your credits will be added shortly."
"MODAL_PURCHASE_PROCESSING_PRIMARY";"";"";"OK"
"MODAL_PURCHASE_PROCESSING_TITLE";"";"";"Almost there"
"MODAL_PURCHASE_UNAVAILABLE_BODY";"";"";"Credit purchases are temporarily unavailable. Please try again later."
"MODAL_PURCHASE_UNAVAILABLE_PRIMARY";"";"";"OK"
"MODAL_PURCHASE_UNAVAILABLE_TITLE";"";"";"Temporarily
unavailable"
"MODAL_SCENE_CRASH_BODY";"";"";"This scene stopped working. Please reload or go back to discover."
"MODAL_SCENE_CRASH_PRIMARY";"";"";"RELOAD"
"MODAL_SCENE_CRASH_SECONDARY";"";"";"BACK"
"MODAL_SCENE_CRASH_TITLE";"";"";"Scene error"
"MODAL_SCENE_TIMEOUT_BODY";"";"";"You can reload the experience, or jump in now, it should keep loading in the background."
"MODAL_SCENE_TIMEOUT_PRIMARY";"";"";"RELOAD"
"MODAL_SCENE_TIMEOUT_SECONDARY";"";"";"START ANYWAY"
"MODAL_SCENE_TIMEOUT_TITLE";"";"";"Loading  is taking longer than expected"
"MODAL_SESSION_ENDED_DUPLICATE_BODY";"";"";"Your session was ended because your account logged in from another location."
"MODAL_SESSION_ENDED_DUPLICATE_TITLE";"";"";"Session Ended"
"MODAL_SESSION_ENDED_OTHER_BODY";"";"";"You have been disconnected from the server. Please try again later."
"MODAL_SESSION_ENDED_OTHER_TITLE";"";"";"Disconnected"
"MODAL_SESSION_ENDED_RETRY_PRIMARY";"";"";"RECONNECT"
"MODAL_SESSION_ENDED_ROOM_CLOSED_BODY";"";"";"The room you were in has been closed."
"MODAL_SESSION_ENDED_ROOM_CLOSED_TITLE";"";"";"Room Closed"
"MODAL_SESSION_ENDED_SECONDARY";"";"";"EXIT"
"MODAL_SESSION_ENDED_SIGN_IN_PRIMARY";"";"";"SIGN IN"
"MODAL_TRY_RESTARTING_APP";"";"";"Try restarting the app."
"MODAL_YOU_CAN_RELOAD_THE_EXPERIENCE_OR";"";"";"You can reload the experience, or jump in now, it should keep loading in the background."
"NOTIFICATIONS_CHECK_BACK_LATER_FOR_UPDATES";"";"";"Check back later for updates!"
"NOTIFICATIONS_LIMITED_PERFORMANCE";"";"";"Limited performance"
"NOTIFICATIONS_NOTIFICATIONS";"";"";"Notifications"
"NOTIFICATIONS_NO_NOTIFICATIONS_YET";"";"";"No notifications yet"
"NOTIFICATIONS_READ_ALL";"";"";"READ ALL"
"NOTIFICATIONS_SIGN_IN_TO_GET_NOTIFICATIONS";"";"";"Sign in to get notifications!"
"NOTIFICATIONS_YOUR_DEVICE_IS_BELOW_OUR_RECOMMENDED";"";"";"Your device is below our recommended specs (iPhone 13/SE 2023)"
"NOTIFICATION_DAYS_AGO";"NOTIFICATION_DAYS_AGO_PLURAL";"";"{days} day ago"
"";"";"";"{days} days ago"
"NOTIFICATION_HOURS_AGO";"NOTIFICATION_HOURS_AGO_PLURAL";"";"{hours}h ago"
"";"";"";"{hours}h ago"
"NOTIFICATION_JUST_NOW";"";"";"Now"
"NOTIFICATION_MINUTES_AGO";"NOTIFICATION_MINUTES_AGO_PLURAL";"";"{minutes}m ago"
"";"";"";"{minutes}m ago"
"NOTIFICATION_MONTHS_AGO";"NOTIFICATION_MONTHS_AGO_PLURAL";"";"{months} month ago"
"";"";"";"{months} months ago"
"NOTIFICATION_WEEKS_AGO";"NOTIFICATION_WEEKS_AGO_PLURAL";"";"{weeks} week ago"
"";"";"";"{weeks} weeks ago"
"NOTIFICATION_YEARS_AGO";"NOTIFICATION_YEARS_AGO_PLURAL";"";"{years} year ago"
"";"";"";"{years} years ago"
"NOTIFICATION_YESTERDAY";"";"";"Yesterday"
"NOTIF_BODY_ACCEPT_YOUR_FRIEND_REQUEST";"";"";"Accept your friend request"
"NOTIF_BODY_WANT_TO_BE_YOUR_FRIEND";"";"";"Want to be your friend!"
"NOTIF_HEADER_BANNED_FROM_COMMUNITY";"";"";"Banned From Community"
"NOTIF_HEADER_BID_ACCEPTED";"";"";"Bid Accepted"
"NOTIF_HEADER_BID_RECEIVED";"";"";"Bid Received"
"NOTIF_HEADER_COMMUNITY_DELETED";"";"";"Community Deleted"
"NOTIF_HEADER_COMMUNITY_EVENT_ADDED";"";"";"Community Event Added"
"NOTIF_HEADER_COMMUNITY_INVITE_RECEIVED";"";"";"Community Invite Received"
"NOTIF_HEADER_COMMUNITY_RENAMED";"";"";"Community Renamed"
"NOTIF_HEADER_CO_AUTHOR_REQUESTED";"";"";"Co-Author Requested"
"NOTIF_HEADER_DAO_ANNOUNCEMENT";"";"";"DAO Announcement"
"NOTIF_HEADER_DONT_MISS_OUT";"";"";"Don't Miss Out!"
"NOTIF_HEADER_EVENT";"";"";"Event"
"NOTIF_HEADER_ITEM_SOLD";"";"";"Item Sold"
"NOTIF_HEADER_LAND_UPDATE";"";"";"Land Update"
"NOTIF_HEADER_MEMBERSHIP_REQUEST_ACCEPTED";"";"";"Membership Request Accepted"
"NOTIF_HEADER_MEMBERSHIP_REQUEST_RECEIVED";"";"";"Membership Request Received"
"NOTIF_HEADER_NEW_BADGE_UNLOCKED";"";"";"New Badge Unlocked!"
"NOTIF_HEADER_NEW_ITEM_RECEIVED";"";"";"New Item Receive"
"NOTIF_HEADER_NOTIFICATION";"";"";"Notification"
"NOTIF_HEADER_PROPOSAL_ENACTED";"";"";"Proposal Enacted"
"NOTIF_HEADER_REMOVED_FROM_COMMUNITY";"";"";"Removed from Community"
"NOTIF_HEADER_REWARD_IN_PROGRESS";"";"";"Reward In Progress"
"NOTIF_HEADER_ROYALTIES_EARNED";"";"";"Royalties Earned"
"NOTIF_HEADER_VOTING_ENDED";"";"";"Voting Ended"
"NOTIF_HEADER_WORLD_ACCESS_RESTORED";"";"";"World Access Restored"
"NOTIF_HEADER_WORLD_ACCESS_RESTRICTED";"";"";"World Access Restricted"
"NOTIF_HEADER_WORLD_MISSING_RESOURCES";"";"";"World Missing Resources"
"NOTIF_HEADER_WORLD_PERMISSION_GRANTED";"";"";"World Permission Granted"
"NOTIF_HEADER_WORLD_PERMISSION_REVOKED";"";"";"World Permission Revoked"
"NOTIF_HEADER_YOUR_COMMUNITY_HAS_BEEN_DELETED";"";"";"Your Community Has Been Deleted"
"NOTIF_LOCAL_BODY_DONT_MISS_ACTION";"";"";"Don't miss out on the action!"
"NOTIF_LOCAL_BODY_DRESS_UP";"";"";"Dress up and be the soul of the party"
"NOTIF_LOCAL_BODY_GANG_AWAITS";"";"";"Your gang awaits, jump in and party on!"
"NOTIF_LOCAL_BODY_GATHER_YOUR_CREW";"";"";"Gather your crew and make your mark!"
"NOTIF_LOCAL_BODY_HOP_IN";"";"";"Hop in and don't miss a beat!"
"NOTIF_LOCAL_BODY_JOIN_YOUR_FRIENDS";"";"";"Join your friends and meet people!"
"NOTIF_LOCAL_BODY_MEET_YOUR_PEOPLE";"";"";"Join and meet your people"
"NOTIF_LOCAL_EVENT_BEGINS";"";"";"{event} Begins!"
"NOTIF_LOCAL_EVENT_IS_LIVE";"";"";"{event} is Live!"
"NOTIF_LOCAL_EVENT_IS_ON";"";"";"{event} is ON!"
"NOTIF_LOCAL_EVENT_IS_STARTING";"";"";"{event} is Starting!"
"NOTIF_LOCAL_EVENT_STARTED";"";"";"{event} Started!"
"NOTIF_TITLE_AN_EVENT_HAS_ENDED";"";"";"An event has ended"
"NOTIF_TITLE_AN_EVENT_HAS_STARTED";"";"";"An event has started"
"NOTIF_TITLE_A_PROPOSAL_HAS_BEEN_ENACTED";"";"";"A proposal has been enacted"
"NOTIF_TITLE_COMMUNITY_RENAMED";"";"";"The [b][{old_name}][/b] Community has been renamed to [b][{new_name}][/b]."
"NOTIF_TITLE_CONGRATS_YOURE_NOW_A_MEMBER_OF";"";"";"Congrats! You're now a member of the [b][{community}][/b] Community."
"NOTIF_TITLE_EXPLORE_DECENTRALAND_AND_EARN_REWARDS";"";"";"Explore Decentraland and earn rewards!"
"NOTIF_TITLE_LAND_UPDATE_NOTIFICATION";"";"";"Land update notification"
"NOTIF_TITLE_NEW_GOVERNANCE_ANNOUNCEMENT";"";"";"New governance announcement"
"NOTIF_TITLE_THE_COMMUNITY_HAS_ADDED_A_NEW";"";"";"The [b][{community}][/b] Community has added a new event."
"NOTIF_TITLE_THE_COMMUNITY_HAS_BEEN_DELETED";"";"";"The [b][{community}][/b] Community has been deleted."
"NOTIF_TITLE_THE_COMMUNITY_WAS_DELETED_FOR_VIOLATING";"";"";"The [b][{community}][/b] Community was deleted for violating Decentraland's Guidelines."
"NOTIF_TITLE_UNKNOWN_COMMUNITY";"";"";"Unknown Community"
"NOTIF_TITLE_VOTING_HAS_ENDED";"";"";"Voting has ended"
"NOTIF_TITLE_WANTS_TO_JOIN_THE_COMMUNITY";"";"";"[b]{name}[/b] wants to join the [b]{community}[/b] Community."
"NOTIF_TITLE_WORLD_PERMISSION_GRANTED";"";"";"World permission granted"
"NOTIF_TITLE_WORLD_PERMISSION_REVOKED";"";"";"World permission revoked"
"NOTIF_TITLE_YOUR_REWARD_IS_IN_PROGRESS";"";"";"Your reward is in progress"
"NOTIF_TITLE_YOUR_WORLD_ACCESS_HAS_BEEN_RESTORED";"";"";"Your world access has been restored"
"NOTIF_TITLE_YOUR_WORLD_ACCESS_HAS_BEEN_RESTRICTED";"";"";"Your world access has been restricted"
"NOTIF_TITLE_YOUR_WORLD_IS_MISSING_RESOURCES";"";"";"Your world is missing resources"
"NOTIF_TITLE_YOUVE_BEEN_ASSIGNED_A_REWARD";"";"";"You've been assigned a reward"
"NOTIF_TITLE_YOUVE_BEEN_BANNED_FROM_THE_COMMUNITY";"";"";"You've been banned from the [b][{community}][/b] Community."
"NOTIF_TITLE_YOUVE_BEEN_INVITED_TO_JOIN_THE";"";"";"You've been invited to join the [b][{community}][/b] Community."
"NOTIF_TITLE_YOUVE_BEEN_REMOVED_FROM_THE_COMMUNITY";"";"";"You've been removed from the [b][{community}][/b] Community."
"NOTIF_TITLE_YOUVE_BEEN_REQUESTED_AS_CO_AUTHOR";"";"";"You've been requested as co-author"
"NOTIF_TITLE_YOUVE_UNLOCKED_A_NEW_BADGE";"";"";"You've unlocked a new badge!"
"OTP_CODE_INCORRECT";"";"";"That code didn't work. Check it and try again."
"OTP_CODE_SENT_TO";"";"";"We sent a code to {email}"
"PLACE_DOWNLOAD_WARNING";"";"";"May download up to {megabytes}MB of data"
"PLACE_DURATION_DAY";"PLACE_DURATION_DAY_PLURAL";"";"{days} DAY"
"";"";"";"{days} DAYS"
"PLACE_DURATION_HR";"PLACE_DURATION_HR_PLURAL";"";"{hours} HR"
"";"";"";"{hours} HRS"
"PLACE_DURATION_MIN";"PLACE_DURATION_MIN_PLURAL";"";"{minutes} MIN"
"";"";"";"{minutes} MINS"
"POPUP_WARNING_LOAD_THE_SCENES_ARROUND_YOU";"";"";"Load the scenes arround you"
"POPUP_WARNING_PENDING_SCENES";"";"";"[center]You have scenes pending to be loaded. To maintain a smooth experience, loading will occur only when you change scenes. If you prefer to load them immediately, please press the [b]Refresh[/b] button at the Top Left of the screen with icon [img]res://assets/ui/Reset.png[/img]"
"PROFILE_ABOUT_ME";"";"";"About me"
"PROFILE_ADD_FRIEND";"";"";"ADD FRIEND"
"PROFILE_ADD_LINK";"";"";"Add Link"
"PROFILE_ADD_LINK_CAPS";"";"";"ADD LINK"
"PROFILE_ADD_UP_TO_5_LINKS_TO";"";"";"Add up to 5 links to your website or social profiles."
"PROFILE_BASE";"";"";"BASE"
"PROFILE_BLOCK";"";"";"Block"
"PROFILE_CANCEL_REQUEST";"";"";"CANCEL REQUEST"
"PROFILE_COUNTRY";"";"";"Country"
"PROFILE_DESCRIBE_YOURSELF_IN_A_FEW_WORDS";"";"";"Describe yourself in a few words."
"PROFILE_DESCRIPTION";"";"";"Description"
"PROFILE_EDIT_PROFILE";"";"";"Edit Profile"
"PROFILE_EDIT_PROFILE_CAPS";"";"";"EDIT PROFILE"
"PROFILE_EMPLOYMENT_STATUS";"";"";"Employment Status"
"PROFILE_EQUIPPED";"";"";"equipped"
"PROFILE_E_G_INSTAGRAM";"";"";"e.g. Instagram"
"PROFILE_FRIEND";"";"";"FRIEND"
"PROFILE_GENDER";"";"";"Gender"
"PROFILE_GENDER_AGENDER";"";"";"Agender"
"PROFILE_GENDER_FEMALE";"";"";"Female"
"PROFILE_GENDER_FLUID";"";"";"Fluid"
"PROFILE_GENDER_MALE";"";"";"Male"
"PROFILE_GENDER_NEUTRAL";"";"";"Neutral"
"PROFILE_GENDER_NON_BINARY";"";"";"Non-Binary"
"PROFILE_GENDER_OTHER";"";"";"Other"
"PROFILE_GENDER_PANGENDER";"";"";"Pangender"
"PROFILE_GENDER_QUEER";"";"";"Queer"
"PROFILE_GENDER_TRANSGENDER";"";"";"Transgender"
"PROFILE_GENDER_TWO_SPIRIT";"";"";"Two-Spirit"
"PROFILE_HOBBY";"";"";"Hobby"
"PROFILE_HOBBY_CAPS";"";"";"HOBBY"
"PROFILE_LANGUAGE";"";"";"Language"
"PROFILE_LINK";"";"";"Link"
"PROFILE_LINKS";"";"";"Links"
"PROFILE_LINKS_CAPS";"";"";"LINKS"
"PROFILE_LINK_TITLE";"";"";"Link Title"
"PROFILE_LINK_URL_HTTPS";"";"";"Link URL (""https://"")"
"PROFILE_MUTE_CHAT";"";"";"Mute chat"
"PROFILE_ORIENTATION_ASEXUAL";"";"";"Asexual"
"PROFILE_ORIENTATION_BISEXUAL";"";"";"Bisexual"
"PROFILE_ORIENTATION_GAY";"";"";"Gay"
"PROFILE_ORIENTATION_HETEROSEXUAL";"";"";"Heterosexual"
"PROFILE_ORIENTATION_LESBIAN";"";"";"Lesbian"
"PROFILE_ORIENTATION_OTHER";"";"";"Other"
"PROFILE_ORIENTATION_PANSEXUAL";"";"";"Pansexual"
"PROFILE_ORIENTATION_POLYSEXUAL";"";"";"Polysexual"
"PROFILE_ORIENTATION_QUEER";"";"";"Queer"
"PROFILE_PENDING";"";"";"PENDING"
"PROFILE_PROFESSION";"";"";"Profession"
"PROFILE_PRONOUNS";"";"";"Pronouns"
"PROFILE_PRONOUN_HE_HIM";"";"";"He / Him"
"PROFILE_PRONOUN_OTHER";"";"";"Other"
"PROFILE_PRONOUN_PER_PER";"";"";"Per / Per"
"PROFILE_PRONOUN_SHE_HER";"";"";"She / Her"
"PROFILE_PRONOUN_THEY_THEM";"";"";"They / Them"
"PROFILE_PRONOUN_XE_XEM";"";"";"Xe / Xem"
"PROFILE_PRONOUN_ZE_HIR";"";"";"Ze / Hir"
"PROFILE_PRONOUN_ZE_ZIR";"";"";"Ze / Zir"
"PROFILE_REAL_NAME";"";"";"Real Name"
"PROFILE_RELATIONSHIP";"";"";"Relationship"
"PROFILE_RELATIONSHIP_DIVORCED";"";"";"Divorced"
"PROFILE_RELATIONSHIP_ENGAGED";"";"";"Engaged"
"PROFILE_RELATIONSHIP_IN_AN_OPEN_RELATIONSHIP";"";"";"In an open relationship"
"PROFILE_RELATIONSHIP_IN_A_RELATIONSHIP";"";"";"In a relationship"
"PROFILE_RELATIONSHIP_IT_S_COMPLICATED";"";"";"It's complicated"
"PROFILE_RELATIONSHIP_MARRIED";"";"";"Married"
"PROFILE_RELATIONSHIP_OTHER";"";"";"Other"
"PROFILE_RELATIONSHIP_SEPARATED";"";"";"Separated"
"PROFILE_RELATIONSHIP_SINGLE";"";"";"Single"
"PROFILE_RELATIONSHIP_STATUS";"";"";"Relationship Status"
"PROFILE_RELATIONSHIP_WIDOWED";"";"";"Widowed"
"PROFILE_SAVE";"";"";"SAVE"
"PROFILE_SEE_LESS";"";"";"SEE LESS"
"PROFILE_SEE_MORE";"";"";"SEE MORE"
"PROFILE_SELECT";"";"";"Select"
"PROFILE_SEXUAL_ORIENTATION";"";"";"Sexual Orientation"
"PROFILE_UNBLOCK";"";"";"Unblock"
"PROFILE_UNFRIEND";"";"";"Unfriend"
"PROFILE_UNMUTE_CHAT";"";"";"Unmute chat"
"PROFILE_USE_THIS_SPACE_TO_DESCRIBE_YOURSELF";"";"";"Use this space to describe yourself in a few words."
"PROFILE_VIEW";"";"";"VIEW"
"PROFILE_WRITE_HERE";"";"";"Write here"
"REWARD_ALREADY_OWNED";"";"";"You already have this reward."
"REWARD_CLAIM_FAILED";"";"";"Something went wrong claiming your reward. Please try again."
"REWARD_ERROR_INVALID_RESPONSE";"";"";"Invalid response from the rewards server."
"REWARD_ERROR_SERVER_UNREACHABLE";"";"";"Error reaching the rewards server."
"REWARD_ERROR_WALLET_REQUIRED";"";"";"You must be connected with a wallet to claim rewards."
"REWARD_MODAL_CLAIMED";"";"";"CLAIMED"
"REWARD_MODAL_CLAIM_REWARD";"";"";"CLAIM REWARD"
"REWARD_MODAL_YOURE_ALL_SET";"";"";"You're all set"
"REWARD_MODAL_YOUR_EMAIL_HAS_BEEN_VERIFIED_ENJOY";"";"";"Your email has been verified. 
Enjoy the free wearable!"
"REWARD_MODAL_YOU_ALREADY_HAVE_THIS_REWARD";"";"";"You already have this reward."
"REWARD_NOT_AVAILABLE";"";"";"This reward is not available right now."
"REWARD_OUT_OF_STOCK";"";"";"This reward is out of stock."
"REWARD_SESSION_UNVERIFIED";"";"";"We couldn't verify your session. Please try again in a moment."
"SETTINGS_ACCOUNT";"";"";"Account"
"SETTINGS_ADJUSTS_GRAPHICS_AUTOMATICALLY_FOR_OPTIMAL_PERFORMANCE";"";"";"Adjusts graphics automatically for optimal performance."
"SETTINGS_AUDIO";"";"";"Audio"
"SETTINGS_AVATAR_EMOTE";"";"";"Avatar & Emote"
"SETTINGS_CACHE_SIZE_GB";"";"";"{size} GB"
"SETTINGS_CACHE_SIZE_MB";"";"";"{size} MB"
"SETTINGS_CAMERA";"";"";"CAMERA"
"SETTINGS_CAMERA_FIRST_PERSON";"";"";"First person"
"SETTINGS_CAMERA_THIRD_PERSON";"";"";"Third person"
"SETTINGS_CHAT_SOCIAL";"";"";"CHAT & SOCIAL"
"SETTINGS_CLEAN_CACHE";"";"";"CLEAN CACHE"
"SETTINGS_CLEARS_DOWNLOADED_FILES_USED_TO_SPEED";"";"";"Clears downloaded files used to speed up loading. Safe to delete."
"SETTINGS_CLOSE_CHAT_AFTER_SENDING";"";"";"Close Chat After Sending"
"SETTINGS_CONTENT_POLICY";"";"";"Content Policy"
"SETTINGS_CURRENT_CACHE_SIZE";"";"";"Current Cache Size"
"SETTINGS_CUSTOM_SKYBOX";"";"";"Custom Skybox"
"SETTINGS_DELETE_ACCOUNT";"";"";"Delete Account"
"SETTINGS_DEV_TOOLS";"";"";"Dev Tools"
"SETTINGS_DEV_TOOLS_CAPS";"";"";"DEV TOOLS"
"SETTINGS_DISCORD";"";"";"Discord"
"SETTINGS_DYNAMIC_GRAPHICS";"";"";"Dynamic Graphics"
"SETTINGS_DYNAMIC_SKYBOX";"";"";"Dynamic Skybox"
"SETTINGS_FAST_DAY_NIGHT_CYCLE_10S";"";"";"Fast Day/Night Cycle (10s)"
"SETTINGS_GAMEPLAY";"";"";"Gameplay"
"SETTINGS_GRAPHICS";"";"";"Graphics"
"SETTINGS_GRAPHICS_PROFILE";"";"";"Graphics Profile"
"SETTINGS_GRAPHIC_PROFILE";"";"";"Graphic Profile"
"SETTINGS_GRAPHIC_PROFILE_CUSTOM";"";"";"Custom"
"SETTINGS_GRAPHIC_PROFILE_HIGH";"";"";"High"
"SETTINGS_GRAPHIC_PROFILE_LOW";"";"";"Low"
"SETTINGS_GRAPHIC_PROFILE_MEDIUM";"";"";"Medium"
"SETTINGS_GRAPHIC_PROFILE_VERY_LOW";"";"";"Very Low"
"SETTINGS_HELP";"";"";"Help"
"SETTINGS_HELP_CAPS";"";"";"HELP"
"SETTINGS_HIDE_INTERACTION_PROMPTS";"";"";"Hide Interaction Prompts"
"SETTINGS_HIDE_INTERFACE";"";"";"Hide Interface"
"SETTINGS_HIDE_PLAYER_NAMES";"";"";"Hide Player Names"
"SETTINGS_HIDE_SCENE_INTERFACE";"";"";"Hide Scene Interface"
"SETTINGS_HIDE_THE_ON_SCREEN_INTERFACE_TO";"";"";"Hide the on-screen interface to take clean screenshots"
"SETTINGS_HIDE_VIEW_PROFILE";"";"";"Hide ""View Profile"""
"SETTINGS_INTERFACE";"";"";"Interface"
"SETTINGS_INTERFACE_CAPS";"";"";"INTERFACE"
"SETTINGS_LANGUAGE";"";"";"Language"
"SETTINGS_LANGUAGE_CAPS";"";"";"LANGUAGE"
"SETTINGS_LANGUAGE_DESCRIPTION";"";"";"The language used across the app's interface."
"SETTINGS_MAX_ACTIVE_LIGHTS";"";"";"Max Active Lights"
"SETTINGS_MAX_CACHE_SIZE";"";"";"Max Cache Size"
"SETTINGS_MIC_AMPLIFICATION";"";"";"Mic Amplification"
"SETTINGS_MULTIPLAYER_DEBUG";"";"";"Multiplayer Debug"
"SETTINGS_MUSIC_AMBIENT";"";"";"Music & Ambient"
"SETTINGS_OPEN_USER_DATA_FOLDER";"";"";"Open User Data Folder"
"SETTINGS_PARTICLES";"";"";"Particles"
"SETTINGS_PARTICLES_OFF";"";"";"Off"
"SETTINGS_PERFORMANCE";"";"";"PERFORMANCE"
"SETTINGS_PRIVACY_POLICY";"";"";"Privacy Policy"
"SETTINGS_PROCESS_TICK_QUOTA";"";"";"Process Tick Quota"
"SETTINGS_RAYCAST_DEBUGGER";"";"";"Raycast Debugger"
"SETTINGS_REALM";"";"";"Realm"
"SETTINGS_REPORT";"";"";"REPORT"
"SETTINGS_REPORT_BUG";"";"";"Report Bug"
"SETTINGS_REPORT_CONTENT";"";"";"Report Content"
"SETTINGS_RESET_ALL";"";"";"RESET ALL"
"SETTINGS_RETURN_TO_DISCOVER";"";"";"RETURN TO DISCOVER"
"SETTINGS_RUN_AVATAR_IMPOSTOR_BENCHMARK";"";"";"Run Avatar Impostor Benchmark"
"SETTINGS_SCENE";"";"";"Scene"
"SETTINGS_SCENE_LOGS_ENABLED";"";"";"Scene Logs Enabled"
"SETTINGS_SCENE_PAUSED";"";"";"Scene Paused"
"SETTINGS_SETS_A_GRAPHICS_QUALITY_PRESET_FOR";"";"";"Sets a graphics quality preset for your device."
"SETTINGS_SETS_HOW_MUCH_STORAGE_THE_APP";"";"";"Sets how much storage the app can use."
"SETTINGS_SETTINGS";"";"";"Settings"
"SETTINGS_SHOP";"";"";"Shop"
"SETTINGS_SHOW_INTERACTABLE_AREA";"";"";"Show Interactable Area"
"SETTINGS_SHOW_REWARD_MODAL_MOBILEPET";"";"";"Show Reward Modal (MobilePet)"
"SETTINGS_SKYBOX_AFTERNOON";"";"";"Afternoon"
"SETTINGS_SKYBOX_MIDDAY";"";"";"Midday"
"SETTINGS_SKYBOX_MIDNIGHT";"";"";"Midnight"
"SETTINGS_SKYBOX_MORNING";"";"";"Morning"
"SETTINGS_STORAGE";"";"";"Storage"
"SETTINGS_TEMPORARY_FILES";"";"";"TEMPORARY FILES"
"SETTINGS_TERMS_OF_USE";"";"";"Terms of Use"
"SETTINGS_TEST_NOTIFICATION_WITH_EMOJIS";"";"";"Test Notification with Emojis"
"SETTINGS_THE_CAMERA_MODE_IS_SET_BY";"";"";"The camera mode is set by the creator. It can't be changed."
"SETTINGS_THE_SKYBOX_IS_SET_BY_THE";"";"";"The skybox is set by the creator. It can’t be changed."
"SETTINGS_THE_SKY_CHANGES_OVER_TIME_AS";"";"";"The sky changes over time as you play."
"SETTINGS_URL";"";"";"URL"
"SETTINGS_VIEW_DISTANCE";"";"";"View Distance"
"SETTINGS_VISUAL";"";"";"VISUAL"
"SETTINGS_VOICE_CHAT";"";"";"Voice Chat"
"SETTINGS_VOLUME";"";"";"VOLUME"
"SETTINGS_WEBSOCKET_STATE";"";"";"WebSocket state:"
"SETTINGS_WEBSOCKET_URL";"";"";"WebSocket URL"
"SHARE_EVENT_MESSAGE";"";"";"📍 Visit the event '{event}' following this link: {link}"
"SHARE_PLACE_MESSAGE";"";"";"📍 Join me at {place} following this link: {link}"
"SHARE_SCENE_MESSAGE";"";"";"📍 Join Me At {scene} following this link: {link}"
"SNAP_CAROUSEL_RECOMMENDED_PLACES";"";"";"RECOMMENDED PLACES"
"SOCIAL_ITEM_ADD_FRIEND";"";"";"ADD FRIEND"
"SOCIAL_ITEM_PENDING";"";"";"PENDING"
"SOCIAL_ITEM_SOMEWHERE";"";"";"Somewhere"
"SOCIAL_ITEM_UNBLOCK";"";"";"UNBLOCK"
"SOCIAL_ITEM_UNKNOWN_LOCATION";"";"";"Unknown Location"
"SOCIAL_MUTUAL_FRIENDS";"SOCIAL_MUTUAL_FRIENDS_PLURAL";"";"{friends} Mutual Friend"
"";"";"";"{friends} Mutual Friends"
"TIP_CARD_FORMAT";"";"";"[b]Tip:[/b] {tip}"
"TIP_CARD_PLACEHOLDER";"";"";"[b]Tip:[/b] Explore thousands of scenes built by creators from around the world."
"TIP_CREATOR_HUB";"";"";"Use the Creator Hub to build your own places and experiences."
"TIP_EMOTES";"";"";"Use Emotes to wave, react, or celebrate. Tap the Emote icon to open the Emote Wheel."
"TIP_FRIENDS";"";"";"Decentraland is better with friends. Meet new people and see where they’re hanging out."
"TIP_WEARABLES";"";"";"Wearables shape how you appear over time. Made by the community."
"TOAST_ADDRESS_COPIED";"";"";"Address copied to clipboard"
"TOAST_BLOCK_FAILED";"";"";"Block failed"
"TOAST_COPIED";"";"";"Copied"
"TOAST_NAME_COPIED";"";"";"Name copied to clipboard"
"TOAST_POOR_CONNECTION_BODY";"";"";"Your connection is unstable. Some features may not work properly."
"TOAST_POOR_CONNECTION_TITLE";"";"";"Poor connection"
"TOAST_UNBLOCK_FAILED";"";"";"Unblock failed"
"TOAST_WORLD_NOT_EXIST_BODY";"";"";"{world} does not exist."
"TOAST_WORLD_NOT_FOUND_TITLE";"";"";"World not found"
"TOAST_WORLD_UNAVAILABLE_BODY";"";"";"Could not load ""{world}"": {error}"
"TOAST_WORLD_UNAVAILABLE_TITLE";"";"";"World unavailable"
"TOAST_WORLD_UNREACHABLE_BODY";"";"";"{world} could not be reached."
"TOOLTIP_ACTION_1";"";"";"Action 1"
"TOOLTIP_ACTION_2";"";"";"Action 2"
"TOOLTIP_ACTION_3";"";"";"Action 3"
"TOOLTIP_ACTION_4";"";"";"Action 4"
"TOOLTIP_ACTION_JUMP";"";"";"Jump"
"TOOLTIP_ACTION_PRIMARY";"";"";"Primary"
"TOOLTIP_ACTION_SECONDARY";"";"";"Secondary"
"TOOLTIP_ACTION_TAP";"";"";"Tap"
"TOOLTIP_VIEW_PROFILE";"";"";"View profile"
"UPDATE_AVAILABLE_A_NEW_VERSION_OF_DECENTRALAND_IS";"";"";"A new version of Decentraland is available. Update now for the latest fixes and improvements."
"UPDATE_AVAILABLE_LATER";"";"";"LATER"
"UPDATE_AVAILABLE_UPDATE";"";"";"UPDATE"
"UPDATE_AVAILABLE_UPDATE_AVAILABLE";"";"";"Update available"
"UPGRADE_MODAL_ADD_EMAIL_TO_UNLOCK_DECENTRALAND_ACROSS";"";"";"Add email to unlock Decentraland across devices and claim an"
"UPGRADE_MODAL_EXCLUSIVE_WEARABLE";"";"";"exclusive Wearable."
"UPGRADE_MODAL_MAYBE_LATER";"";"";"MAYBE LATER"
"URL_POPUP_ARE_YOU_SURE_YOU_WANT_TO";"";"";"Are you sure you want to follow this link?"
"URL_POPUP_CONTINUE";"";"";"CONTINUE"
"URL_POPUP_CONTINUING_WILL_OPEN_THE_LINK_IN";"";"";"Continuing will open the link in your browser. Make sure it's a website you trust before proceeding."
"USERNAME_PICKER_NAME";"";"";"Name"
"USERNAME_PICKER_NON_UNIQUE_NAME";"";"";"NON-UNIQUE NAME"
"USERNAME_PICKER_UNIQUE_NAME";"";"";"UNIQUE NAME"
"USERNAME_PICKER_USERNAME";"";"";"Username"
"WEARABLE_BUTTON_BODY";"";"";"Body"
"WEARABLE_BUTTON_UNKNOWN";"";"";"Unknown"
"WEARABLE_CATEGORY_ALL";"";"";"All"
"WEARABLE_CATEGORY_BODY";"";"";"Body"
"WEARABLE_CATEGORY_CHEST";"";"";"Chest"
"WEARABLE_CATEGORY_CLOTHING";"";"";"Clothing"
"WEARABLE_CATEGORY_EARRINGS";"";"";"Earrings"
"WEARABLE_CATEGORY_EXTRAS";"";"";"Extras"
"WEARABLE_CATEGORY_EYEBROWS";"";"";"Eyebrows"
"WEARABLE_CATEGORY_EYES";"";"";"Eyes"
"WEARABLE_CATEGORY_FACE";"";"";"Face"
"WEARABLE_CATEGORY_FACIAL_HAIR";"";"";"Facial Hair"
"WEARABLE_CATEGORY_FEET";"";"";"Feet"
"WEARABLE_CATEGORY_GLASSES";"";"";"Glasses"
"WEARABLE_CATEGORY_HAIR";"";"";"Hair"
"WEARABLE_CATEGORY_HANDS";"";"";"Hands"
"WEARABLE_CATEGORY_HATS";"";"";"Hats"
"WEARABLE_CATEGORY_HEAD";"";"";"Head"
"WEARABLE_CATEGORY_HELMETS";"";"";"Helmets"
"WEARABLE_CATEGORY_LEGS";"";"";"Legs"
"WEARABLE_CATEGORY_MASKS";"";"";"Masks"
"WEARABLE_CATEGORY_MOUTH";"";"";"Mouth"
"WEARABLE_CATEGORY_SHAPE";"";"";"Shape"
"WEARABLE_CATEGORY_SKIN";"";"";"Skin"
"WEARABLE_CATEGORY_TIARAS";"";"";"Tiaras"
"WEARABLE_CATEGORY_TOP_HEAD";"";"";"Top Head"
"WEARABLE_ITEM_DETAIL";"";"";"DETAIL"
"WEARABLE_ITEM_GET_CREDITS";"";"";"GET CREDITS"
"WEARABLE_ITEM_NEW";"";"";"NEW"
