"keys";"?plural";"?context";"es"
"?pluralrule";"";"";"nplurals=2; plural=(n != 1);"
"AUTH_BROWSER_OPENING";"";"";"Abriendo el navegador..."
"AUTH_BROWSER_WAITING";"";"";"Esperando al navegador..."
"AUTH_CHOOSE_LOOK_TITLE";"";"";"Elige tu aspecto"
"AUTH_DEEPLINK_FINISHING";"";"";"Finalizando el inicio de sesión..."
"AUTH_EMAIL_CONFIRMING";"";"";"Confirmando el inicio de sesión..."
"AUTH_EMAIL_PLACEHOLDER";"";"";"nombre@email.com"
"AUTH_EMAIL_PROMPT";"";"";"Introduce tu email"
"AUTH_EMAIL_TITLE";"";"";"Inicia sesión con tu email"
"AUTH_FAILED_TITLE";"";"";"Error de autenticación"
"AUTH_GETTING_READY";"";"";"Preparando todo..."
"AUTH_LEGAL_CONSENT";"";"";"Al continuar, aceptas los [color=#A0ABFF][url=""https://decentraland.org/terms/""]Términos de Servicio[/url][/color], la [color=#A0ABFF][url=""https://decentraland.org/privacy/""]Política de Privacidad[/url][/color] y la [color=#A0ABFF][url=""https://decentraland.org/content/""]Política de Contenido[/url][/color] de Decentraland."
"AUTH_LETS_GO";"";"";"VAMOS"
"AUTH_LOGIN_APPLE";"";"";"APPLE"
"AUTH_LOGIN_EMAIL";"";"";"CONTINUAR CON EMAIL"
"AUTH_LOGIN_GOOGLE";"";"";"GOOGLE"
"AUTH_LOGIN_METAMASK";"";"";"METAMASK"
"AUTH_LOGIN_WALLET_CONNECT";"";"";"WALLET CONNECT"
"AUTH_NAME_FIELD_LABEL";"";"";"Nombre"
"AUTH_NAME_SAFETY_HINT";"";"";"*Por seguridad, evita usar tu nombre real"
"AUTH_OTP_SEND_CODE_FAILED";"";"";"No se pudo enviar el código. Revisa tu email e inténtalo de nuevo."
"AUTH_PICK_NAME_TITLE";"";"";"Elige tu nombre"
"AUTH_PLAY_AS_GUEST";"";"";"JUGAR COMO INVITADO"
"AUTH_QUICK_DIVE";"";"";"ENTRADA RÁPIDA (CUENTA TEMPORAL)"
"AUTH_SIGNED_IN_AS";"";"";"Has iniciado sesión como"
"AUTH_SIGNED_IN_AS_NAME";"";"";"Has iniciado sesión como
{name}."
"AUTH_SIGN_IN_BUTTON";"";"";"INICIAR SESIÓN"
"AUTH_SIGN_IN_TITLE";"";"";"Inicia sesión en Decentraland"
"AUTH_UPDATE_BODY";"";"";"Hay una nueva versión de Decentraland disponible. Actualiza para disfrutar de la mejor experiencia."
"AUTH_UPDATE_TITLE";"";"";"Nueva versión disponible"
"AUTH_USE_ANOTHER_ACCOUNT";"";"";"Usar otra cuenta"
"AUTH_WALLET_OPENING_METAMASK";"";"";"Abriendo MetaMask..."
"AUTH_WALLET_WAITING_METAMASK";"";"";"Esperando a MetaMask..."
"AUTH_WELCOME_BACK";"";"";"Bienvenido de nuevo"
"AUTH_WELCOME_TAGLINE";"";"";"Descubre un mundo creado
por su comunidad"
"AUTH_WELCOME_TITLE";"";"";"Te damos la bienvenida a Decentraland"
"BACKPACK_ALL";"";"";"Todo"
"BACKPACK_ALL_CAPS";"";"";"TODO"
"BACKPACK_BACKPACK";"";"";"Backpack"
"BACKPACK_BODY";"";"";"CUERPO"
"BACKPACK_CLOTHING";"";"";"ROPA"
"BACKPACK_COLLECTIBLES";"";"";"Coleccionables"
"BACKPACK_COLOR_LABEL";"";"";"Color de {category}"
"BACKPACK_EMOTES";"";"";"Emotes"
"BACKPACK_EQUIPPED";"";"";"Equipado"
"BACKPACK_EXTRAS";"";"";"EXTRAS"
"BACKPACK_FACE";"";"";"CARA"
"BACKPACK_FIND_NEW_ONES_IN_THE_MARKETPLACE";"";"";"Encuentra más en el
[color=#A0ABFF][url]Marketplace[/url][/color]"
"BACKPACK_NOTHING_HERE_YET";"";"";"Aquí no hay nada todavía"
"BACKPACK_OUTFITS";"";"";"Conjuntos"
"BACKPACK_WEARABLES";"";"";"Wearables"
"BUG_REPORT_CATEGORY_CHAT";"";"";"Chat"
"BUG_REPORT_CATEGORY_CRASH";"";"";"Cierre / Bloqueo"
"BUG_REPORT_CATEGORY_FRIENDS";"";"";"Amigos"
"BUG_REPORT_CATEGORY_OTHER";"";"";"Otro"
"BUG_REPORT_CATEGORY_PERFORMANCE";"";"";"Rendimiento"
"BUG_REPORT_CATEGORY_PROFILE";"";"";"Perfil"
"BUG_REPORT_CATEGORY_STREAMING";"";"";"Streaming"
"BUG_REPORT_CATEGORY_WEARABLES";"";"";"Wearables/Emotes"
"BUG_REPORT_DESCRIPTION";"";"";"Descripción"
"BUG_REPORT_DESCRIPTION_PLACEHOLDER";"";"";"Describe brevemente qué ocurrió."
"BUG_REPORT_ISSUE_TYPE";"";"";"Tipo de problema"
"BUG_REPORT_SCREENSHOT";"";"";"Captura de pantalla"
"BUG_REPORT_TITLE";"";"";"Reporte de error"
"CALENDAR_EVENT_LOCATION";"";"";"Decentraland en {x},{y}"
"CALENDAR_TIME_RANGE";"";"";"{start} a {end} {tz}"
"CHANGE_NICK_POPUP_A_NAME_COMES_WITH_A_WORLD";"";"";"¡Un NAME incluye un World donde puedes construir y organizar eventos, y además te da Poder de Voto en la DAO!"
"CHANGE_NICK_POPUP_CLAIM_A_UNIQUE_NAME_FOR_THE";"";"";"¡Reclama un NAME único para vivir la experiencia completa de Decentraland!"
"CHANGE_NICK_POPUP_CLAIM_NAME";"";"";"RECLAMAR NAME"
"CHANGE_NICK_POPUP_EDIT_USERNAME";"";"";"Editar nombre de usuario"
"CHANGE_NICK_POPUP_SAVE";"";"";"GUARDAR"
"CHANGE_NICK_POPUP_USERNAME";"";"";"Nombre de usuario"
"CHATBAR_YOU_CAN_SWITCH_VERTICAL_CHAT_MODE";"";"";"Puedes cambiar al modo de chat vertical"
"CHAT_HEADER_NEARBY";"";"";"Cerca"
"CHAT_SEND";"";"";"ENVIAR"
"CHAT_SYSTEM_CHANGING_REALM";"";"";"[color=#ccc]Intentando cambiar al realm {realm}[/color]"
"CHAT_SYSTEM_CHANGING_WORLD";"";"";"[color=#ccc]Intentando cambiar al world {world}[/color]"
"CHAT_SYSTEM_NO_CAMERA";"";"";"[color=#ccc]🔴 No hay ninguna cámara activa[/color]"
"CHAT_SYSTEM_SENDER";"";"";"Sistema"
"CHAT_SYSTEM_TELEPORTED";"";"";"[color=#ccc]🟢 Te has teletransportado a {location}[/color]"
"CHAT_SYSTEM_UNKNOWN_COMMAND";"";"";"[color=#ccc]🔴 Comando desconocido[/color]"
"CHAT_SYSTEM_WELCOME";"";"";"[color=#cfc][b]¡Te damos la bienvenida a Decentraland! Respeta a los demás y diviértete.[/b][/color]"
"CHAT_WRITE_A_MESSAGE";"";"";"Escribe un mensaje"
"CHAT_WRITE_A_MESSAGE_ELLIPSIS";"";"";"Escribe un mensaje..."
"CODE_MODAL_ENTER_VERIFICATION_CODE";"";"";"Introduce el código de verificación"
"CODE_MODAL_OTP_SENT_TO";"";"";"Hemos enviado un código de un solo uso a [b]{email}[/b]. Introdúcelo abajo para completar la verificación."
"CODE_MODAL_RESEND_LINK_ACTIVE";"";"";"[u][color=#A0ABFF]Reenviar email[/color][/u]"
"CODE_MODAL_RESEND_LINK_DIMMED";"";"";"[u][color=#A0ABFFB3]Reenviar email ({minutes}:{seconds})[/color][/u]"
"CODE_MODAL_RESEND_PREFIX";"";"";"¿No has recibido el email? "
"CODE_MODAL_RESEND_PROMPT";"";"";"¿No has recibido el email? [u][color=A0ABFF]Reenviar email"
"CODE_MODAL_SENT_TO";"";"";"Hemos enviado un código de un solo uso a [b]tu@email.com[/b]. Introdúcelo abajo para completar la verificación."
"CODE_MODAL_THE_CODE_IS_INVALID_OR_EXPIRED";"";"";"El código no es válido o ha caducado. Vuelve a enviarlo."
"CODE_MODAL_VERIFYING";"";"";"Verificando..."
"COLOR_CARROUSEL_HAIR_COLOR";"";"";"Color de pelo"
"COLOR_PICKER_PRESETS";"";"";"PREAJUSTES
"
"COMMON_ADD_EMAIL";"";"";"AÑADIR EMAIL"
"COMMON_BLOCKED";"";"";"BLOQUEADO"
"COMMON_BY";"";"";"por"
"COMMON_CANCEL";"";"";"CANCELAR"
"COMMON_DESCRIPTION";"";"";"DESCRIPCIÓN"
"COMMON_DONE";"";"";"LISTO"
"COMMON_EDIT";"";"";"EDITAR"
"COMMON_EMAIL_ALREADY_LINKED";"";"";"Este email ya está vinculado a otra cuenta."
"COMMON_EMPTY_PARCEL";"";"";"Parcel vacío"
"COMMON_JUMP_IN";"";"";"ENTRAR"
"COMMON_NEARBY";"";"";"CERCA"
"COMMON_NEXT";"";"";"SIGUIENTE"
"COMMON_NOT_NOW";"";"";"AHORA NO"
"COMMON_OR";"";"";"o"
"COMMON_SOMEONE";"";"";"Alguien"
"COMMON_SOMETHING_WENT_WRONG";"";"";"¡Uy! Algo ha salido mal"
"COMMON_SOMETHING_WENT_WRONG_RETRY";"";"";"Algo ha salido mal. Inténtalo de nuevo."
"COMMON_SUBMIT";"";"";"ENVIAR"
"COMMON_TAP_TO_CONTINUE";"";"";"Toca para continuar"
"COMMON_TOO_MANY_ATTEMPTS";"";"";"Demasiados intentos. Espera un momento e inténtalo de nuevo."
"COMMON_TRY_AGAIN";"";"";"REINTENTAR"
"COMMON_UNKNOWN_PLACE";"";"";"Lugar desconocido"
"COMMON_UNKNOWN_USER";"";"";"Desconocido"
"COMMON_UNLOCK_THE_FULL_EXPERIENCE";"";"";"Desbloquea la experiencia completa"
"COMMON_UPDATE";"";"";"ACTUALIZAR"
"CREDITS_AMOUNT_DEDUCTED";"";"";"-{amount}"
"CREDITS_BALANCE_CARD_MY_CREDITS";"";"";"Mis Créditos"
"CREDITS_CREDITS";"";"";"Créditos"
"CREDITS_HISTORY_ITEM_REFUND_DEDUCTION";"";"";"Descuento por reembolso"
"CREDITS_HISTORY_PURCHASE_HISTORY";"";"";"historial de compras"
"CREDITS_PURCHASED";"CREDITS_PURCHASED_PLURAL";"";"Has comprado {credits} CRÉDITO"
"";"";"";"Has comprado {credits} CRÉDITOS"
"CREDITS_PURCHASES";"";"";"Compras"
"CREDITS_QUANTITY";"";"";"Créditos x{amount}"
"CREDITS_SHOP_CREDITS_ARE_A_LIMITED_DIGITAL_IN";"";"";"Los Créditos son un recurso digital limitado dentro de la app que se compra con dinero real a través de Apple. Puedes usarlos para adquirir contenido digital, como Wearables y Emotes, en la app de iOS."
"CREDITS_SHOP_CREDITS_DO_NOT_EXPIRE_HOWEVER_THE";"";"";"Los Créditos no caducan. Sin embargo, la Foundation podría fijar fechas de caducidad o retirarlos en el futuro avisando con al menos 30 días de antelación."
"CREDITS_SHOP_DO_CREDITS_EXPIRE";"";"";"¿Caducan los Créditos?"
"CREDITS_SHOP_FAQ";"";"";"PREGUNTAS FRECUENTES"
"CREDITS_SHOP_LICENCE";"";"";"Acepto que estoy comprando una licencia limitada de uso de Créditos regida por los [color=#E8B9FF][url=""https://decentraland.org/credits-terms""]Términos de los Créditos[/url][/color]. Al comprar Créditos, aceptas los [color=#E8B9FF][url=""https://decentraland.org/terms""]Términos de Uso[/url][/color] y la [color=#E8B9FF][url=""https://decentraland.org/privacy""]Política de Privacidad[/url][/color] de Decentraland."
"CREDITS_SHOP_WHAT_ARE_CREDITS";"";"";"¿Qué son los Créditos?"
"CUSTOM_BUTTON_SIGN_OUT";"";"";"CERRAR SESIÓN"
"CUSTOM_SLIDER_ERROR";"";"";"Error"
"DATE_AM";"";"";"a. m."
"DATE_MONTH_APR";"";"";"abr"
"DATE_MONTH_AUG";"";"";"ago"
"DATE_MONTH_DEC";"";"";"dic"
"DATE_MONTH_FEB";"";"";"feb"
"DATE_MONTH_JAN";"";"";"ene"
"DATE_MONTH_JUL";"";"";"jul"
"DATE_MONTH_JUN";"";"";"jun"
"DATE_MONTH_MAR";"";"";"mar"
"DATE_MONTH_MAY";"";"";"may"
"DATE_MONTH_NOV";"";"";"nov"
"DATE_MONTH_OCT";"";"";"oct"
"DATE_MONTH_SEP";"";"";"sep"
"DATE_PM";"";"";"p. m."
"DATE_SHORT_FORMAT";"";"";"{weekday}, {day} de {month}."
"DATE_WEEKDAY_FRI";"";"";"vie"
"DATE_WEEKDAY_MON";"";"";"lun"
"DATE_WEEKDAY_SAT";"";"";"sáb"
"DATE_WEEKDAY_SUN";"";"";"dom"
"DATE_WEEKDAY_THU";"";"";"jue"
"DATE_WEEKDAY_TUE";"";"";"mar"
"DATE_WEEKDAY_WED";"";"";"mié"
"DIALOGS_CANCEL";"";"";"Cancelar"
"DIALOGS_DESCRIPTION";"";"";"DESCRIPCIÓN"
"DIALOGS_LOADING_NFT";"";"";"Cargando NFT..."
"DIALOGS_NO";"";"";"No"
"DIALOGS_OWNER";"";"";"PROPIETARIO"
"DIALOGS_VIEW_ON_OPENSEA";"";"";"VER EN OPENSEA"
"DIALOGS_YES";"";"";"Sí"
"DIALOG_STACK_TABS";"";"";"Pestañas: {count}"
"DISCOVER_CLEAN_ALL";"";"";"Borrar todo"
"DISCOVER_DISCOVER";"";"";"Descubrir"
"DISCOVER_DOWNLOADS_UP_TO_1GB_OF_DATA";"";"";"Descarga hasta 1 GB de datos"
"DISCOVER_EVENTS";"";"";"Eventos"
"DISCOVER_EXPLORE_MORE";"";"";"Explorar más"
"DISCOVER_FAVORITES";"";"";"Favoritos"
"DISCOVER_FEATURED";"";"";"Destacados"
"DISCOVER_FRIENDS";"";"";"Amigos"
"DISCOVER_IT_SEEMS_THERE_IS_NOTHING_TO";"";"";"Parece que aquí no hay nada que mostrar..."
"DISCOVER_LAST_VISITED";"";"";"Visitados hace poco"
"DISCOVER_LIVE";"";"";"EN VIVO"
"DISCOVER_MOST_ACTIVES";"";"";"Más activos"
"DISCOVER_MY_PLACES";"";"";"Mis lugares"
"DISCOVER_NO_RESULT_FOUND";"";"";"Sin resultados"
"DISCOVER_POINT_OF_INTEREST";"";"";"punto de interés"
"DISCOVER_RECENT_SEARCHES";"";"";"Búsquedas recientes"
"DISCOVER_SCENES";"";"";"Scenes"
"DISCOVER_SEARCHING";"";"";"¡Buscando!"
"DISCOVER_SOMETHING_WENT_WRONG";"";"";"Algo ha
salido mal"
"DISCOVER_THERE_WAS_AN_ERROR_AND_PLACES";"";"";"Se ha producido un error y no se han podido cargar los lugares."
"DISCOVER_TRENDING";"";"";"Tendencias"
"DISCOVER_TRY_SEARCHING_WITH_DIFFERENT_KEYWORDS";"";"";"Prueba a buscar con
otras palabras."
"DISCOVER_WE_COULDN_T_LOAD_THE_RESULTS";"";"";"No hemos podido cargar los resultados.
Inténtalo de nuevo."
"DROPDOWN_LIST_SELECT";"";"";"Seleccionar"
"EMOTES_EDIT";"";"";"Editar"
"EMOTES_EMOTES";"";"";"Emotes"
"EMOTES_EQUIP";"";"";"EQUIPAR"
"EMOTES_EQUIP_EMOTE";"";"";"Equipar Emote"
"EMOTES_NEW";"";"";"NUEVO"
"EMOTES_UNEQUIP";"";"";"QUITAR"
"EVENTS_REMINDER_SET";"";"";"RECORDATORIO ACTIVO"
"EVENTS_REMIND_ME";"";"";"AVISARME"
"EVENTS_SIGN_IN_TO_USE_REMINDERS";"";"";"INICIA SESIÓN PARA USAR RECORDATORIOS"
"EVENT_FREQUENCY_DAILY";"";"";"Diario"
"EVENT_FREQUENCY_MONTHLY";"";"";"Mensual"
"EVENT_FREQUENCY_WEEKLY";"";"";"Semanal"
"EVENT_PILL_DATE";"";"";"{day} {month}"
"EVENT_PILL_IN_DAY";"EVENT_PILL_IN_DAY_PLURAL";"";"EN {days} DÍA"
"";"";"";"EN {days} DÍAS"
"EVENT_PILL_IN_HR";"EVENT_PILL_IN_HR_PLURAL";"";"EN {hours} H"
"";"";"";"EN {hours} H"
"EVENT_PILL_IN_MIN";"EVENT_PILL_IN_MIN_PLURAL";"";"EN {minutes} MIN"
"";"";"";"EN {minutes} MIN"
"FAV_BUTTON_UNFAVORITE";"";"";"QUITAR DE FAVORITOS"
"FRIENDS_FRIENDS";"";"";"AMIGOS"
"FRIENDS_FRIENDS_COULDNT_LOAD";"";"";"No se pudieron cargar los amigos"
"FRIENDS_MEET_PEOPLE_NEARBY";"";"";"Conoce gente cerca y agrégala como amigos."
"FRIENDS_NOW_ONLINE";"";"";"[color=#{color}]{name}[/color] [color=#8f8]ya está en línea[/color]"
"FRIENDS_NO_FRIENDS_YET";"";"";"Aún no tienes amigos"
"FRIENDS_NO_ONE_NEARBY";"";"";"No hay nadie cerca"
"FRIENDS_NO_PENDING_REQUESTS";"";"";"No hay solicitudes pendientes"
"FRIENDS_OFFLINE";"";"";"DESCONECTADOS"
"FRIENDS_ONLINE";"";"";"EN LÍNEA"
"FRIENDS_RECEIVED";"";"";"RECIBIDAS"
"FRIENDS_REQUESTS";"";"";"SOLICITUDES"
"FRIENDS_SENT";"";"";"ENVIADAS"
"FRIENDS_SOCIAL";"";"";"Social"
"FRIENDS_SOMETHING_WENT_WRONG_LOADING";"";"";"Algo salió mal al cargar tus amigos.
Inténtalo de nuevo más tarde."
"FRIENDS_TRY_TRAVELING_SOMEWHERE_ELSE_TO_MEET";"";"";"Viaja a otro lugar para conocer gente nueva."
"FTUE_WELCOME";"";"";"Te damos la bienvenida, [color=#B18AFF]@{name}[/color]
Vamos a empezar"
"FTUE_WELCOME_PLACEHOLDER";"";"";"Te damos la bienvenida, [color=#E8B9FF]@UserName[/color] Vamos a empezar"
"GUEST_UPGRADE_CARD_ADD_EMAIL_TO_PLAY_ACROSS_MOBILE";"";"";"Añade tu email para jugar en móvil y ordenador, y consigue un Wearable exclusivo."
"GUEST_UPGRADE_DISCOVER";"";"";"DESCUBRIR"
"IAP_PURCHASE_OVERLAY_LOADING";"";"";"Cargando..."
"IAP_PURCHASE_SUCCESS_MODAL_PURCHASE_SUCCESSFUL";"";"";"Compra
realizada"
"INFO_PANEL_LESS";"";"";"MENOS"
"INFO_PANEL_MORE";"";"";"MÁS"
"INPUTS_INVALID_FORMAT";"";"";"Formato no válido"
"INPUTS_TYPE_TEXT_HERE";"";"";"Escribe aquí..."
"INPUT_ERROR_CHARACTER_LIMIT";"";"";"Has alcanzado el límite de caracteres"
"INPUT_ERROR_NO_EDGE_SPACES";"";"";"No se permiten espacios al principio ni al final"
"INPUT_ERROR_NO_SPACES";"";"";"No se permiten espacios"
"INPUT_ERROR_NO_SPECIAL_CHARACTERS";"";"";"No se permiten caracteres especiales"
"INPUT_MODAL_ADD";"";"";"AÑADIR"
"INPUT_MODAL_ADD_EMAIL";"";"";"Añadir email"
"INPUT_MODAL_MY_EMAIL";"";"";"Mi email"
"INPUT_MODAL_NAME_EMAIL_COM";"";"";"nombre@email.com"
"JUMP_IN_POPUP_CREATED_BY";"";"";"Creado por {creator}"
"JUMP_IN_POPUP_CREATED_BY_UNKNOWN";"";"";"Creado por alguien desconocido"
"LOADING_CREATED_BY";"";"";"[color=#DF9CFF]Por[/color] [b]{creator}[/b]"
"LOADING_ENJOY_EXPERIENCE";"";"";"Disfruta de la experiencia"
"LOADING_PERCENT";"";"";"{value} %"
"LOBBY_DISCARD";"";"";"DESCARTAR"
"LOBBY_DISCARD_BODY";"";"";"No se guardarán los cambios en tu avatar."
"LOBBY_DISCARD_CHANGES";"";"";"¿Descartar los cambios?"
"LOBBY_GUEST_SESSION_FAILED";"";"";"No hemos podido iniciar tu sesión de invitado. Inténtalo de nuevo."
"LOBBY_GUEST_WALLET_RESET";"";"";"Billetera de invitado restablecida"
"LOBBY_SOMETHING_WENT_WRONG";"";"";"Algo ha salido mal"
"MARKETPLACE_RECOMMENDED_SECTION_RECOMMENDED_FOR_YOU";"";"";"Recomendado para ti"
"MENU_ADD_EMAIL_RECOVERY";"";"";"Añadir email de recuperación"
"MENU_ALL_YOUR_PROGRESS_PURCHASES_AND_DATA";"";"";"Perderás todo tu progreso, tus compras y tus datos. Esta acción es permanente y no se puede deshacer."
"MENU_CANCEL_DELETION";"";"";"CANCELAR ELIMINACIÓN"
"MENU_DELETION_REQUESTED";"";"";"Eliminación solicitada"
"MENU_EMAIL_LINKED";"";"";"Email vinculado"
"MENU_ENTER_CODE";"";"";"Introducir código"
"MENU_ENTER_THE_NUMERIC_CODE_WE_SENT";"";"";"Introduce el código numérico que te hemos enviado."
"MENU_IF_YOU_REGISTERED_YOUR_DECENTRALAND_ACCOUNT";"";"";"*Si registraste tu cuenta de Decentraland con una billetera no custodial, no hay datos que eliminar, porque no almacenamos tus datos."
"MENU_INVALID_RESPONSE";"";"";"Respuesta no válida"
"MENU_LINK_AN_EMAIL_TO_RECOVER_THIS";"";"";"Vincula un email para recuperar esta cuenta. La dirección de tu billetera no cambia."
"MENU_NAVBAR_BUTTON_DISCOVER";"";"";"DESCUBRIR"
"MENU_OK";"";"";"ACEPTAR"
"MENU_OOOPS_SOMETHING_WENT_WRONG";"";"";"Vaya... Algo ha
salido mal"
"MENU_PLEASE_ENTER_A_VALID_EMAIL_ADDRESS";"";"";"Introduce una dirección de email válida."
"MENU_PROCESSING";"";"";"Procesando"
"MENU_REQUEST_ACCOUNT_DELETION";"";"";"¿Solicitar la eliminación de la cuenta?"
"MENU_RESEND_CODE";"";"";"REENVIAR CÓDIGO"
"MENU_SEND_CODE";"";"";"ENVIAR CÓDIGO"
"MENU_THIS_PROCESS_CAN_TAKE_UP_TO";"";"";"Este proceso puede tardar hasta 30 días en completarse."
"MENU_UPDATING_PROFILE";"";"";"Actualizando el perfil..."
"MENU_VERIFY";"";"";"VERIFICAR"
"MENU_WE_COULDN_T_PROCESS_YOUR_REQUEST";"";"";"No hemos podido procesar tu solicitud.
Inténtalo más tarde"
"MENU_WE_LL_KEEP_YOU_UPDATED_ON";"";"";"Te mantendremos informado del proceso a través del email con el que registraste la cuenta."
"MENU_WE_SENT_A_CODE_TO_YOUR";"";"";"Hemos enviado un código a tu email"
"MENU_YES_DELETE";"";"";"SÍ, ELIMINAR"
"MENU_YOUR_EMAIL_IS_LINKED_YOU_CAN";"";"";"Tu email está vinculado. Ya puedes recuperar esta cuenta."
"MENU_YOU_EXAMPLE_COM";"";"";"tu@ejemplo.com"
"MODAL_ADD_EMAIL_ERROR_BODY";"";"";"Algo ha salido mal. Inténtalo más tarde."
"MODAL_ADD_EMAIL_ERROR_TITLE";"";"";"Algo ha salido mal"
"MODAL_ADD_EMAIL_PLACEHOLDER";"";"";"nombre@email.com"
"MODAL_ADD_EMAIL_SUBTITLE";"";"";"Mi email"
"MODAL_ADD_EMAIL_TITLE";"";"";"Añadir email"
"MODAL_BAN_KICKED_BODY";"";"";"Ponte en contacto con soporte para más información."
"MODAL_BAN_KICKED_PRIMARY";"";"";"VOLVER A DESCUBRIR"
"MODAL_BAN_KICKED_TITLE";"";"";"Te han baneado"
"MODAL_BAN_PRE_CHECK_BODY";"";"";"Estás baneado de esta scene.
Ponte en contacto con soporte para más información."
"MODAL_BAN_PRE_CHECK_PRIMARY";"";"";"VOLVER A DESCUBRIR"
"MODAL_BAN_PRE_CHECK_TITLE";"";"";"No puedes entrar"
"MODAL_BUG_REPORT_SUCCESS_BODY";"";"";"Gracias por ayudar a mejorar Decentraland. Nuestro equipo revisará tu reporte."
"MODAL_BUG_REPORT_SUCCESS_PRIMARY";"";"";"CERRAR"
"MODAL_BUG_REPORT_SUCCESS_TITLE";"";"";"¡Reporte enviado!"
"MODAL_BY";"";"";"por"
"MODAL_CODE_INVALID_OR_EXPIRED";"";"";"El código no es válido o ha caducado. Vuelve a enviarlo."
"MODAL_CONNECTION_LOST_BODY";"";"";"Comprueba tu conexión a internet e inténtalo de nuevo."
"MODAL_CONNECTION_LOST_PRIMARY";"";"";"REINTENTAR"
"MODAL_CONNECTION_LOST_SECONDARY";"";"";"SALIR"
"MODAL_CONNECTION_LOST_TITLE";"";"";"Conexión perdida"
"MODAL_CREDIT_LIMIT_DAILY_BODY";"";"";"Has alcanzado la cantidad máxima de créditos que puedes comprar hoy."
"MODAL_CREDIT_LIMIT_PRIMARY";"";"";"ACEPTAR"
"MODAL_CREDIT_LIMIT_TITLE";"";"";"Límite alcanzado"
"MODAL_CREDIT_LIMIT_TOTAL_BODY";"";"";"No puedes comprar más créditos porque has alcanzado el límite máximo acumulado. Gasta tus créditos para poder comprar más."
"MODAL_EMAIL_INVALID";"";"";"Email no válido"
"MODAL_EMAIL_IN_USE_BODY";"";"";"Este email ya está vinculado a otra cuenta.
Prueba con otro email."
"MODAL_EMAIL_IN_USE_TITLE";"";"";"Email ya en uso"
"MODAL_EXTERNAL_LINK_BODY";"";"";"Estás a punto de visitar un sitio web externo. Asegúrate de que confías en él antes de continuar."
"MODAL_EXTERNAL_LINK_PRIMARY";"";"";"ABRIR ENLACE"
"MODAL_EXTERNAL_LINK_SECONDARY";"";"";"CANCELAR"
"MODAL_EXTERNAL_LINK_TITLE";"";"";"¿Abrir enlace externo?"
"MODAL_IAP_TERMS_CHECKBOX";"";"";"He leído y acepto los [color=#E8B9FF][url=""https://decentraland.org/terms""]Términos de Uso[/url][/color], la [color=#E8B9FF][url=""https://decentraland.org/privacy""]Política de Privacidad[/url][/color], la [color=#E8B9FF][url=""https://decentraland.org/content""]Política de Contenido[/url][/color] y los [color=#E8B9FF][url=""https://decentraland.org/credits-terms""]Términos de Uso de los Créditos[/url][/color] de Decentraland."
"MODAL_IAP_TERMS_PRIMARY";"";"";"CONFIRMAR"
"MODAL_IAP_TERMS_SECONDARY";"";"";"CANCELAR"
"MODAL_IAP_TERMS_TITLE";"";"";"Términos de Uso"
"MODAL_LOADING_IS_TAKING_LONGER_THAN_EXPECTED";"";"";"La carga está tardando más de lo previsto"
"MODAL_LOW_MEMORY_BODY";"";"";"Puede que este lugar no funcione con fluidez en tu dispositivo y que se cierre de forma inesperada."
"MODAL_LOW_MEMORY_PRIMARY";"";"";"CONTINUAR"
"MODAL_LOW_MEMORY_SECONDARY";"";"";"VOLVER A DESCUBRIR"
"MODAL_LOW_MEMORY_TITLE";"";"";"Memoria insuficiente"
"MODAL_LOW_SPEC_IPHONE_BODY";"";"";"Tu dispositivo está por debajo de las características recomendadas (iPhone 13/SE 2023). Puede que notes ralentizaciones, cierres inesperados o calentamiento mientras juegas."
"MODAL_LOW_SPEC_IPHONE_PRIMARY";"";"";"ACEPTAR"
"MODAL_LOW_SPEC_IPHONE_TITLE";"";"";"Rendimiento limitado"
"MODAL_PRIVATE_WORLD_BODY";"";"";"Solo pueden entrar las personas invitadas."
"MODAL_PRIVATE_WORLD_PRIMARY";"";"";"ACEPTAR"
"MODAL_PRIVATE_WORLD_TITLE";"";"";"{world} es privado"
"MODAL_PURCHASE_FAILED_BODY";"";"";"No se ha podido completar tu compra"
"MODAL_PURCHASE_FAILED_PRIMARY";"";"";"ACEPTAR"
"MODAL_PURCHASE_FAILED_TITLE";"";"";"Algo ha
salido mal"
"MODAL_PURCHASE_IN_FLIGHT_BODY";"";"";"Ya se está procesando una compra. Espera a que termine antes de iniciar otra."
"MODAL_PURCHASE_IN_FLIGHT_PRIMARY";"";"";"ACEPTAR"
"MODAL_PURCHASE_IN_FLIGHT_TITLE";"";"";"Compra en curso"
"MODAL_PURCHASE_PROCESSING_BODY";"";"";"Tu compra se ha realizado y tus créditos se añadirán en breve."
"MODAL_PURCHASE_PROCESSING_PRIMARY";"";"";"ACEPTAR"
"MODAL_PURCHASE_PROCESSING_TITLE";"";"";"Ya casi está"
"MODAL_PURCHASE_UNAVAILABLE_BODY";"";"";"La compra de créditos no está disponible temporalmente. Inténtalo más tarde."
"MODAL_PURCHASE_UNAVAILABLE_PRIMARY";"";"";"ACEPTAR"
"MODAL_PURCHASE_UNAVAILABLE_TITLE";"";"";"No disponible
temporalmente"
"MODAL_SCENE_CRASH_BODY";"";"";"Esta scene ha dejado de funcionar. Recárgala o vuelve a Descubrir."
"MODAL_SCENE_CRASH_PRIMARY";"";"";"RECARGAR"
"MODAL_SCENE_CRASH_SECONDARY";"";"";"ATRÁS"
"MODAL_SCENE_CRASH_TITLE";"";"";"Error de scene"
"MODAL_SCENE_TIMEOUT_BODY";"";"";"Puedes recargar la experiencia o entrar ya; seguirá cargándose en segundo plano."
"MODAL_SCENE_TIMEOUT_PRIMARY";"";"";"RECARGAR"
"MODAL_SCENE_TIMEOUT_SECONDARY";"";"";"ENTRAR IGUALMENTE"
"MODAL_SCENE_TIMEOUT_TITLE";"";"";"La carga está tardando más de lo previsto"
"MODAL_SESSION_ENDED_DUPLICATE_BODY";"";"";"Tu sesión ha terminado porque se ha iniciado sesión con tu cuenta desde otro lugar."
"MODAL_SESSION_ENDED_DUPLICATE_TITLE";"";"";"Sesión finalizada"
"MODAL_SESSION_ENDED_OTHER_BODY";"";"";"Te has desconectado del servidor. Inténtalo más tarde."
"MODAL_SESSION_ENDED_OTHER_TITLE";"";"";"Sin conexión"
"MODAL_SESSION_ENDED_RETRY_PRIMARY";"";"";"RECONECTAR"
"MODAL_SESSION_ENDED_ROOM_CLOSED_BODY";"";"";"La sala en la que estabas se ha cerrado."
"MODAL_SESSION_ENDED_ROOM_CLOSED_TITLE";"";"";"Sala cerrada"
"MODAL_SESSION_ENDED_SECONDARY";"";"";"SALIR"
"MODAL_SESSION_ENDED_SIGN_IN_PRIMARY";"";"";"INICIAR SESIÓN"
"MODAL_TRY_RESTARTING_APP";"";"";"Prueba a reiniciar la app."
"MODAL_YOU_CAN_RELOAD_THE_EXPERIENCE_OR";"";"";"Puedes recargar la experiencia o entrar ya; seguirá cargándose en segundo plano."
"NOTIFICATIONS_CHECK_BACK_LATER_FOR_UPDATES";"";"";"¡Vuelve más tarde para ver las novedades!"
"NOTIFICATIONS_LIMITED_PERFORMANCE";"";"";"Rendimiento limitado"
"NOTIFICATIONS_NOTIFICATIONS";"";"";"NOTIFICACIONES"
"NOTIFICATIONS_NO_NOTIFICATIONS_YET";"";"";"Aún no hay notificaciones"
"NOTIFICATIONS_READ_ALL";"";"";"MARCAR TODO COMO LEÍDO"
"NOTIFICATIONS_SIGN_IN_TO_GET_NOTIFICATIONS";"";"";"¡Inicia sesión para recibir notificaciones!"
"NOTIFICATIONS_YOUR_DEVICE_IS_BELOW_OUR_RECOMMENDED";"";"";"Tu dispositivo está por debajo de las características recomendadas (iPhone 13/SE 2023)"
"NOTIFICATION_DAYS_AGO";"NOTIFICATION_DAYS_AGO_PLURAL";"";"hace {days} día"
"";"";"";"hace {days} días"
"NOTIFICATION_HOURS_AGO";"NOTIFICATION_HOURS_AGO_PLURAL";"";"hace {hours} hora"
"";"";"";"hace {hours} horas"
"NOTIFICATION_JUST_NOW";"";"";"ahora mismo"
"NOTIFICATION_MINUTES_AGO";"NOTIFICATION_MINUTES_AGO_PLURAL";"";"hace {minutes} minuto"
"";"";"";"hace {minutes} minutos"
"NOTIFICATION_YESTERDAY";"";"";"ayer"
"NOTIF_HEADER_BANNED_FROM_COMMUNITY";"";"";"Baneado de la comunidad"
"NOTIF_HEADER_BID_ACCEPTED";"";"";"Oferta aceptada"
"NOTIF_HEADER_BID_RECEIVED";"";"";"Oferta recibida"
"NOTIF_HEADER_COMMUNITY_DELETED";"";"";"Comunidad eliminada"
"NOTIF_HEADER_COMMUNITY_EVENT_ADDED";"";"";"Nuevo evento en la comunidad"
"NOTIF_HEADER_COMMUNITY_INVITE_RECEIVED";"";"";"Invitación a una comunidad"
"NOTIF_HEADER_COMMUNITY_RENAMED";"";"";"Comunidad renombrada"
"NOTIF_HEADER_CO_AUTHOR_REQUESTED";"";"";"Solicitud de coautoría"
"NOTIF_HEADER_DAO_ANNOUNCEMENT";"";"";"Anuncio de la DAO"
"NOTIF_HEADER_DONT_MISS_OUT";"";"";"¡No te lo pierdas!"
"NOTIF_HEADER_EVENT_ENDED";"";"";"Evento finalizado"
"NOTIF_HEADER_EVENT_STARTED";"";"";"Evento iniciado"
"NOTIF_HEADER_FRIEND_REQUEST_ACCEPTED";"";"";"¡Solicitud de amistad aceptada!"
"NOTIF_HEADER_FRIEND_REQUEST_RECEIVED";"";"";"Solicitud de amistad recibida"
"NOTIF_HEADER_ITEM_SOLD";"";"";"Artículo vendido"
"NOTIF_HEADER_LAND_UPDATE";"";"";"Novedades de LAND"
"NOTIF_HEADER_MEMBERSHIP_REQUEST_ACCEPTED";"";"";"Solicitud de ingreso aceptada"
"NOTIF_HEADER_MEMBERSHIP_REQUEST_RECEIVED";"";"";"Solicitud de ingreso recibida"
"NOTIF_HEADER_NEW_BADGE_UNLOCKED";"";"";"¡Nueva insignia desbloqueada!"
"NOTIF_HEADER_NOTIFICATION";"";"";"Notificación"
"NOTIF_HEADER_PROPOSAL_ENACTED";"";"";"Propuesta aprobada"
"NOTIF_HEADER_REMOVED_FROM_COMMUNITY";"";"";"Te han sacado de la comunidad"
"NOTIF_HEADER_REWARD_ASSIGNED";"";"";"Recompensa asignada"
"NOTIF_HEADER_REWARD_IN_PROGRESS";"";"";"Recompensa en curso"
"NOTIF_HEADER_ROYALTIES_EARNED";"";"";"Regalías ganadas"
"NOTIF_HEADER_VOTING_ENDED";"";"";"Votación finalizada"
"NOTIF_HEADER_WORLD_ACCESS_RESTORED";"";"";"Acceso al World restaurado"
"NOTIF_HEADER_WORLD_ACCESS_RESTRICTED";"";"";"Acceso al World restringido"
"NOTIF_HEADER_WORLD_MISSING_RESOURCES";"";"";"Faltan recursos en el World"
"NOTIF_HEADER_WORLD_PERMISSION_GRANTED";"";"";"Permiso de World concedido"
"NOTIF_HEADER_WORLD_PERMISSION_REVOKED";"";"";"Permiso de World revocado"
"NOTIF_HEADER_YOUR_COMMUNITY_HAS_BEEN_DELETED";"";"";"Tu comunidad ha sido eliminada"
"NOTIF_LOCAL_BODY_DONT_MISS_ACTION";"";"";"¡No te pierdas la acción!"
"NOTIF_LOCAL_BODY_DRESS_UP";"";"";"Arréglate y sé el alma de la fiesta"
"NOTIF_LOCAL_BODY_GANG_AWAITS";"";"";"¡Tu gente te espera, entra y a disfrutar!"
"NOTIF_LOCAL_BODY_GATHER_YOUR_CREW";"";"";"¡Reúne a tu equipo y deja tu huella!"
"NOTIF_LOCAL_BODY_HOP_IN";"";"";"¡Entra y no te pierdas nada!"
"NOTIF_LOCAL_BODY_JOIN_YOUR_FRIENDS";"";"";"¡Únete a tus amigos y conoce gente!"
"NOTIF_LOCAL_BODY_MEET_YOUR_PEOPLE";"";"";"Únete y conoce a tu gente"
"NOTIF_LOCAL_EVENT_BEGINS";"";"";"¡{event} comienza!"
"NOTIF_LOCAL_EVENT_IS_LIVE";"";"";"¡{event} está en directo!"
"NOTIF_LOCAL_EVENT_IS_ON";"";"";"¡{event} ya está aquí!"
"NOTIF_LOCAL_EVENT_IS_STARTING";"";"";"¡{event} está empezando!"
"NOTIF_LOCAL_EVENT_STARTED";"";"";"¡{event} ha empezado!"
"NOTIF_TITLE_ACCEPTED_YOUR_FRIEND_REQUEST";"";"";"ha aceptado tu solicitud de amistad."
"NOTIF_TITLE_ACCEPTED_YOUR_FRIEND_REQUEST_2";"";"";"[color=#{color}]{name} [color=#ECEBED]ha aceptado tu solicitud de amistad."
"NOTIF_TITLE_ACCEPTED_YOUR_FRIEND_REQUEST_3";"";"";"[color=#{color}]{name}[color=#A09BA8]#{tag} [color=#ECEBED]ha aceptado tu solicitud de amistad."
"NOTIF_TITLE_AN_EVENT_HAS_ENDED";"";"";"Un evento ha finalizado"
"NOTIF_TITLE_AN_EVENT_HAS_STARTED";"";"";"Un evento ha comenzado"
"NOTIF_TITLE_A_PROPOSAL_HAS_BEEN_ENACTED";"";"";"Se ha aprobado una propuesta"
"NOTIF_TITLE_COMMUNITY_RENAMED";"";"";"La comunidad [b][{old_name}][/b] ha pasado a llamarse [b][{new_name}][/b]."
"NOTIF_TITLE_CONGRATS_YOURE_NOW_A_MEMBER_OF";"";"";"¡Enhorabuena! Ya eres miembro de la comunidad [b][{community}][/b]."
"NOTIF_TITLE_EXPLORE_DECENTRALAND_AND_EARN_REWARDS";"";"";"¡Explora Decentraland y consigue recompensas!"
"NOTIF_TITLE_LAND_UPDATE_NOTIFICATION";"";"";"Notificación de novedades de LAND"
"NOTIF_TITLE_NEW_GOVERNANCE_ANNOUNCEMENT";"";"";"Nuevo anuncio de gobernanza"
"NOTIF_TITLE_THE_COMMUNITY_HAS_ADDED_A_NEW";"";"";"La comunidad [b][{community}][/b] ha añadido un nuevo evento."
"NOTIF_TITLE_THE_COMMUNITY_HAS_BEEN_DELETED";"";"";"La comunidad [b][{community}][/b] ha sido eliminada."
"NOTIF_TITLE_THE_COMMUNITY_WAS_DELETED_FOR_VIOLATING";"";"";"La comunidad [b][{community}][/b] ha sido eliminada por incumplir las Normas de Decentraland."
"NOTIF_TITLE_UNKNOWN_COMMUNITY";"";"";"Comunidad desconocida"
"NOTIF_TITLE_VOTING_HAS_ENDED";"";"";"La votación ha finalizado"
"NOTIF_TITLE_WANTS_TO_BE_YOUR_FRIEND";"";"";"quiere ser tu amigo."
"NOTIF_TITLE_WANTS_TO_BE_YOUR_FRIEND_2";"";"";"[color=#{color}]{name} [color=#ECEBED]quiere ser tu amigo."
"NOTIF_TITLE_WANTS_TO_BE_YOUR_FRIEND_3";"";"";"[color=#{color}]{name}[color=#A09BA8]#{tag} [color=#ECEBED]quiere ser tu amigo."
"NOTIF_TITLE_WANTS_TO_JOIN_THE_COMMUNITY";"";"";"[b]{name}[/b] quiere unirse a la comunidad [b]{community}[/b]."
"NOTIF_TITLE_WORLD_PERMISSION_GRANTED";"";"";"Permiso de World concedido"
"NOTIF_TITLE_WORLD_PERMISSION_REVOKED";"";"";"Permiso de World revocado"
"NOTIF_TITLE_YOUR_REWARD_IS_IN_PROGRESS";"";"";"Tu recompensa está en curso"
"NOTIF_TITLE_YOUR_WORLD_ACCESS_HAS_BEEN_RESTORED";"";"";"Se ha restaurado tu acceso al World"
"NOTIF_TITLE_YOUR_WORLD_ACCESS_HAS_BEEN_RESTRICTED";"";"";"Se ha restringido tu acceso al World"
"NOTIF_TITLE_YOUR_WORLD_IS_MISSING_RESOURCES";"";"";"A tu World le faltan recursos"
"NOTIF_TITLE_YOUVE_BEEN_ASSIGNED_A_REWARD";"";"";"Se te ha asignado una recompensa"
"NOTIF_TITLE_YOUVE_BEEN_BANNED_FROM_THE_COMMUNITY";"";"";"Te han baneado de la comunidad [b][{community}][/b]."
"NOTIF_TITLE_YOUVE_BEEN_INVITED_TO_JOIN_THE";"";"";"Te han invitado a unirte a la comunidad [b][{community}][/b]."
"NOTIF_TITLE_YOUVE_BEEN_REMOVED_FROM_THE_COMMUNITY";"";"";"Te han sacado de la comunidad [b][{community}][/b]."
"NOTIF_TITLE_YOUVE_BEEN_REQUESTED_AS_CO_AUTHOR";"";"";"Te han propuesto como coautor"
"NOTIF_TITLE_YOUVE_UNLOCKED_A_NEW_BADGE";"";"";"¡Has desbloqueado una nueva insignia!"
"OTP_CODE_INCORRECT";"";"";"Ese código no ha funcionado. Compruébalo e inténtalo de nuevo."
"OTP_CODE_SENT_TO";"";"";"Hemos enviado un código a {email}"
"PLACE_DOWNLOAD_WARNING";"";"";"Puede descargar hasta {megabytes} MB de datos"
"PLACE_DURATION_DAY";"PLACE_DURATION_DAY_PLURAL";"";"{days} DÍA"
"";"";"";"{days} DÍAS"
"PLACE_DURATION_HR";"PLACE_DURATION_HR_PLURAL";"";"{hours} H"
"";"";"";"{hours} H"
"PLACE_DURATION_MIN";"PLACE_DURATION_MIN_PLURAL";"";"{minutes} MIN"
"";"";"";"{minutes} MIN"
"POPUP_WARNING_LOAD_THE_SCENES_ARROUND_YOU";"";"";"Cargar las scenes que te rodean"
"POPUP_WARNING_PENDING_SCENES";"";"";"[center]Tienes scenes pendientes de cargar. Para mantener una experiencia fluida, la carga solo se hará cuando cambies de scene. Si prefieres cargarlas ahora mismo, pulsa el botón [b]Actualizar[/b] en la parte superior izquierda de la pantalla, con el icono [img]res://assets/ui/Reset.png[/img]"
"PROFILE_ABOUT_ME";"";"";"Sobre mí"
"PROFILE_ADD_FRIEND";"";"";"AÑADIR AMIGO"
"PROFILE_ADD_LINK";"";"";"Añadir enlace"
"PROFILE_ADD_LINK_CAPS";"";"";"AÑADIR ENLACE"
"PROFILE_ADD_UP_TO_5_LINKS_TO";"";"";"Añade hasta 5 enlaces a tu web o a tus perfiles sociales."
"PROFILE_BASE";"";"";"BASE"
"PROFILE_BLOCK";"";"";"Bloquear"
"PROFILE_CANCEL_REQUEST";"";"";"CANCELAR SOLICITUD"
"PROFILE_COUNTRY";"";"";"País"
"PROFILE_DESCRIBE_YOURSELF_IN_A_FEW_WORDS";"";"";"Descríbete en pocas palabras."
"PROFILE_DESCRIPTION";"";"";"Descripción"
"PROFILE_EDIT_PROFILE";"";"";"Editar perfil"
"PROFILE_EDIT_PROFILE_CAPS";"";"";"EDITAR PERFIL"
"PROFILE_EMPLOYMENT_STATUS";"";"";"Situación laboral"
"PROFILE_EQUIPPED";"";"";"equipado"
"PROFILE_E_G_INSTAGRAM";"";"";"p. ej. Instagram"
"PROFILE_FRIEND";"";"";"AMIGO"
"PROFILE_GENDER";"";"";"Género"
"PROFILE_GENDER_AGENDER";"";"";"Agénero"
"PROFILE_GENDER_FEMALE";"";"";"Mujer"
"PROFILE_GENDER_FLUID";"";"";"Fluido"
"PROFILE_GENDER_MALE";"";"";"Hombre"
"PROFILE_GENDER_NEUTRAL";"";"";"Neutro"
"PROFILE_GENDER_NON_BINARY";"";"";"No binario"
"PROFILE_GENDER_OTHER";"";"";"Otro"
"PROFILE_GENDER_PANGENDER";"";"";"Pangénero"
"PROFILE_GENDER_QUEER";"";"";"Queer"
"PROFILE_GENDER_TRANSGENDER";"";"";"Transgénero"
"PROFILE_GENDER_TWO_SPIRIT";"";"";"Two-Spirit"
"PROFILE_HOBBY";"";"";"Afición"
"PROFILE_HOBBY_CAPS";"";"";"AFICIÓN"
"PROFILE_LANGUAGE";"";"";"Idioma"
"PROFILE_LINK";"";"";"Enlace"
"PROFILE_LINKS";"";"";"Enlaces"
"PROFILE_LINKS_CAPS";"";"";"ENLACES"
"PROFILE_LINK_TITLE";"";"";"Título del enlace"
"PROFILE_LINK_URL_HTTPS";"";"";"URL del enlace (""https://"")"
"PROFILE_MUTE_CHAT";"";"";"Silenciar chat"
"PROFILE_ORIENTATION_ASEXUAL";"";"";"Asexual"
"PROFILE_ORIENTATION_BISEXUAL";"";"";"Bisexual"
"PROFILE_ORIENTATION_GAY";"";"";"Gay"
"PROFILE_ORIENTATION_HETEROSEXUAL";"";"";"Heterosexual"
"PROFILE_ORIENTATION_LESBIAN";"";"";"Lesbiana"
"PROFILE_ORIENTATION_OTHER";"";"";"Otra"
"PROFILE_ORIENTATION_PANSEXUAL";"";"";"Pansexual"
"PROFILE_ORIENTATION_POLYSEXUAL";"";"";"Polisexual"
"PROFILE_ORIENTATION_QUEER";"";"";"Queer"
"PROFILE_PENDING";"";"";"PENDIENTE"
"PROFILE_PROFESSION";"";"";"Profesión"
"PROFILE_PRONOUNS";"";"";"Pronombres"
"PROFILE_PRONOUN_HE_HIM";"";"";"Él"
"PROFILE_PRONOUN_OTHER";"";"";"Otro"
"PROFILE_PRONOUN_PER_PER";"";"";"Per / Per"
"PROFILE_PRONOUN_SHE_HER";"";"";"Ella"
"PROFILE_PRONOUN_THEY_THEM";"";"";"Elle"
"PROFILE_PRONOUN_XE_XEM";"";"";"Xe / Xem"
"PROFILE_PRONOUN_ZE_HIR";"";"";"Ze / Hir"
"PROFILE_PRONOUN_ZE_ZIR";"";"";"Ze / Zir"
"PROFILE_REAL_NAME";"";"";"Nombre real"
"PROFILE_RELATIONSHIP";"";"";"Relación"
"PROFILE_RELATIONSHIP_DIVORCED";"";"";"Divorciado/a"
"PROFILE_RELATIONSHIP_ENGAGED";"";"";"Comprometido/a"
"PROFILE_RELATIONSHIP_IN_AN_OPEN_RELATIONSHIP";"";"";"En una relación abierta"
"PROFILE_RELATIONSHIP_IN_A_RELATIONSHIP";"";"";"En una relación"
"PROFILE_RELATIONSHIP_IT_S_COMPLICATED";"";"";"Es complicado"
"PROFILE_RELATIONSHIP_MARRIED";"";"";"Casado/a"
"PROFILE_RELATIONSHIP_OTHER";"";"";"Otra"
"PROFILE_RELATIONSHIP_SEPARATED";"";"";"Separado/a"
"PROFILE_RELATIONSHIP_SINGLE";"";"";"Soltero/a"
"PROFILE_RELATIONSHIP_STATUS";"";"";"Estado sentimental"
"PROFILE_RELATIONSHIP_WIDOWED";"";"";"Viudo/a"
"PROFILE_SAVE";"";"";"GUARDAR"
"PROFILE_SEE_LESS";"";"";"VER MENOS"
"PROFILE_SEE_MORE";"";"";"VER MÁS"
"PROFILE_SELECT";"";"";"Seleccionar"
"PROFILE_SEXUAL_ORIENTATION";"";"";"Orientación sexual"
"PROFILE_UNBLOCK";"";"";"Desbloquear"
"PROFILE_UNFRIEND";"";"";"Eliminar de amigos"
"PROFILE_UNMUTE_CHAT";"";"";"Activar sonido del chat"
"PROFILE_USE_THIS_SPACE_TO_DESCRIBE_YOURSELF";"";"";"Usa este espacio para describirte en pocas palabras."
"PROFILE_VIEW";"";"";"VER"
"PROFILE_WRITE_HERE";"";"";"Escribe aquí"
"REWARD_ALREADY_OWNED";"";"";"Ya tienes esta recompensa."
"REWARD_CLAIM_FAILED";"";"";"Algo ha salido mal al reclamar tu recompensa. Inténtalo de nuevo."
"REWARD_ERROR_INVALID_RESPONSE";"";"";"Respuesta no válida del servidor de recompensas."
"REWARD_ERROR_SERVER_UNREACHABLE";"";"";"Error al conectar con el servidor de recompensas."
"REWARD_ERROR_WALLET_REQUIRED";"";"";"Debes tener una billetera conectada para reclamar recompensas."
"REWARD_MODAL_CLAIMED";"";"";"RECLAMADA"
"REWARD_MODAL_CLAIM_REWARD";"";"";"RECLAMAR RECOMPENSA"
"REWARD_MODAL_YOURE_ALL_SET";"";"";"Todo listo"
"REWARD_MODAL_YOUR_EMAIL_HAS_BEEN_VERIFIED_ENJOY";"";"";"Tu email se ha verificado. 
¡Disfruta del Wearable gratuito!"
"REWARD_MODAL_YOU_ALREADY_HAVE_THIS_REWARD";"";"";"Ya tienes esta recompensa."
"REWARD_NOT_AVAILABLE";"";"";"Esta recompensa no está disponible ahora mismo."
"REWARD_OUT_OF_STOCK";"";"";"Esta recompensa está agotada."
"REWARD_SESSION_UNVERIFIED";"";"";"No hemos podido verificar tu sesión. Inténtalo de nuevo en un momento."
"SETTINGS_ACCOUNT";"";"";"Cuenta"
"SETTINGS_ADJUSTS_GRAPHICS_AUTOMATICALLY_FOR_OPTIMAL_PERFORMANCE";"";"";"Ajusta los gráficos automáticamente para obtener el mejor rendimiento."
"SETTINGS_AUDIO";"";"";"Audio"
"SETTINGS_AVATAR_EMOTE";"";"";"Avatar y Emotes"
"SETTINGS_CACHE_SIZE_GB";"";"";"{size} GB"
"SETTINGS_CACHE_SIZE_MB";"";"";"{size} MB"
"SETTINGS_CAMERA";"";"";"CÁMARA"
"SETTINGS_CAMERA_FIRST_PERSON";"";"";"Primera persona"
"SETTINGS_CAMERA_THIRD_PERSON";"";"";"Tercera persona"
"SETTINGS_CHAT_SOCIAL";"";"";"CHAT Y SOCIAL"
"SETTINGS_CLEAN_CACHE";"";"";"VACIAR CACHÉ"
"SETTINGS_CLEARS_DOWNLOADED_FILES_USED_TO_SPEED";"";"";"Borra los archivos descargados que aceleran la carga. Se pueden eliminar sin problema."
"SETTINGS_CLOSE_CHAT_AFTER_SENDING";"";"";"Cerrar el chat al enviar"
"SETTINGS_CONTENT_POLICY";"";"";"Política de Contenido"
"SETTINGS_CURRENT_CACHE_SIZE";"";"";"Tamaño actual de la caché"
"SETTINGS_CUSTOM_SKYBOX";"";"";"Skybox personalizado"
"SETTINGS_DELETE_ACCOUNT";"";"";"Eliminar cuenta"
"SETTINGS_DEV_TOOLS";"";"";"Herramientas de desarrollo"
"SETTINGS_DEV_TOOLS_CAPS";"";"";"HERRAMIENTAS DE DESARROLLO"
"SETTINGS_DISCORD";"";"";"Discord"
"SETTINGS_DYNAMIC_GRAPHICS";"";"";"Gráficos dinámicos"
"SETTINGS_DYNAMIC_SKYBOX";"";"";"Skybox dinámico"
"SETTINGS_FAST_DAY_NIGHT_CYCLE_10S";"";"";"Ciclo día/noche rápido (10 s)"
"SETTINGS_GAMEPLAY";"";"";"Juego"
"SETTINGS_GRAPHICS";"";"";"Gráficos"
"SETTINGS_GRAPHICS_PROFILE";"";"";"Perfil gráfico"
"SETTINGS_GRAPHIC_PROFILE";"";"";"Perfil gráfico"
"SETTINGS_GRAPHIC_PROFILE_CUSTOM";"";"";"Personalizado"
"SETTINGS_GRAPHIC_PROFILE_HIGH";"";"";"Alto"
"SETTINGS_GRAPHIC_PROFILE_LOW";"";"";"Bajo"
"SETTINGS_GRAPHIC_PROFILE_MEDIUM";"";"";"Medio"
"SETTINGS_GRAPHIC_PROFILE_VERY_LOW";"";"";"Muy bajo"
"SETTINGS_HELP";"";"";"Ayuda"
"SETTINGS_HELP_CAPS";"";"";"AYUDA"
"SETTINGS_HIDE_INTERACTION_PROMPTS";"";"";"Ocultar avisos de interacción"
"SETTINGS_HIDE_INTERFACE";"";"";"Ocultar la interfaz"
"SETTINGS_HIDE_PLAYER_NAMES";"";"";"Ocultar nombres de jugadores"
"SETTINGS_HIDE_SCENE_INTERFACE";"";"";"Ocultar la interfaz de la scene"
"SETTINGS_HIDE_THE_ON_SCREEN_INTERFACE_TO";"";"";"Oculta la interfaz en pantalla para hacer capturas limpias"
"SETTINGS_HIDE_VIEW_PROFILE";"";"";"Ocultar ""Ver perfil"""
"SETTINGS_INTERFACE";"";"";"Interfaz"
"SETTINGS_INTERFACE_CAPS";"";"";"INTERFAZ"
"SETTINGS_LANGUAGE";"";"";"Idioma"
"SETTINGS_LANGUAGE_CAPS";"";"";"IDIOMA"
"SETTINGS_LANGUAGE_DESCRIPTION";"";"";"El idioma que se usa en toda la interfaz de la app."
"SETTINGS_MAX_ACTIVE_LIGHTS";"";"";"Máximo de luces activas"
"SETTINGS_MAX_CACHE_SIZE";"";"";"Tamaño máximo de la caché"
"SETTINGS_MIC_AMPLIFICATION";"";"";"Amplificación del micrófono"
"SETTINGS_MULTIPLAYER_DEBUG";"";"";"Depuración multijugador"
"SETTINGS_MUSIC_AMBIENT";"";"";"Música y ambiente"
"SETTINGS_OPEN_USER_DATA_FOLDER";"";"";"Abrir la carpeta de datos del usuario"
"SETTINGS_PARTICLES";"";"";"Partículas"
"SETTINGS_PARTICLES_OFF";"";"";"Desactivadas"
"SETTINGS_PERFORMANCE";"";"";"RENDIMIENTO"
"SETTINGS_PRIVACY_POLICY";"";"";"Política de Privacidad"
"SETTINGS_PROCESS_TICK_QUOTA";"";"";"Cuota de ticks de proceso"
"SETTINGS_RAYCAST_DEBUGGER";"";"";"Depurador de raycast"
"SETTINGS_REALM";"";"";"Realm"
"SETTINGS_REPORT";"";"";"REPORTAR"
"SETTINGS_REPORT_BUG";"";"";"Reportar un error"
"SETTINGS_REPORT_CONTENT";"";"";"Reportar contenido"
"SETTINGS_RESET_ALL";"";"";"RESTABLECER TODO"
"SETTINGS_RETURN_TO_DISCOVER";"";"";"VOLVER A DESCUBRIR"
"SETTINGS_RUN_AVATAR_IMPOSTOR_BENCHMARK";"";"";"Ejecutar benchmark de impostores de avatar"
"SETTINGS_SCENE";"";"";"Scene"
"SETTINGS_SCENE_LOGS_ENABLED";"";"";"Registros de scene activados"
"SETTINGS_SCENE_PAUSED";"";"";"Scene en pausa"
"SETTINGS_SETS_A_GRAPHICS_QUALITY_PRESET_FOR";"";"";"Define un preajuste de calidad gráfica para tu dispositivo."
"SETTINGS_SETS_HOW_MUCH_STORAGE_THE_APP";"";"";"Define cuánto almacenamiento puede usar la app."
"SETTINGS_SETTINGS";"";"";"Ajustes"
"SETTINGS_SHOP";"";"";"Tienda"
"SETTINGS_SHOW_INTERACTABLE_AREA";"";"";"Mostrar el área interactiva"
"SETTINGS_SHOW_REWARD_MODAL_MOBILEPET";"";"";"Mostrar modal de recompensa (MobilePet)"
"SETTINGS_SKYBOX_AFTERNOON";"";"";"Tarde"
"SETTINGS_SKYBOX_MIDDAY";"";"";"Mediodía"
"SETTINGS_SKYBOX_MIDNIGHT";"";"";"Medianoche"
"SETTINGS_SKYBOX_MORNING";"";"";"Mañana"
"SETTINGS_STORAGE";"";"";"Almacenamiento"
"SETTINGS_TEMPORARY_FILES";"";"";"ARCHIVOS TEMPORALES"
"SETTINGS_TERMS_OF_USE";"";"";"Términos de Uso"
"SETTINGS_TEST_NOTIFICATION_WITH_EMOJIS";"";"";"Notificación de prueba con emojis"
"SETTINGS_THE_CAMERA_MODE_IS_SET_BY";"";"";"El modo de cámara lo define el creador. No se puede cambiar."
"SETTINGS_THE_SKYBOX_IS_SET_BY_THE";"";"";"El skybox lo define el creador. No se puede cambiar."
"SETTINGS_THE_SKY_CHANGES_OVER_TIME_AS";"";"";"El cielo cambia con el tiempo mientras juegas."
"SETTINGS_URL";"";"";"URL"
"SETTINGS_VIEW_DISTANCE";"";"";"Distancia de vista"
"SETTINGS_VISUAL";"";"";"VISUAL"
"SETTINGS_VOICE_CHAT";"";"";"Chat de voz"
"SETTINGS_VOLUME";"";"";"VOLUMEN"
"SETTINGS_WEBSOCKET_STATE";"";"";"Estado del WebSocket:"
"SETTINGS_WEBSOCKET_URL";"";"";"URL del WebSocket"
"SHARE_EVENT_MESSAGE";"";"";"📍 Visita el evento '{event}' con este enlace: {link}"
"SHARE_PLACE_MESSAGE";"";"";"📍 Únete a mí en {place} con este enlace: {link}"
"SHARE_SCENE_MESSAGE";"";"";"📍 Únete a mí en {scene} con este enlace: {link}"
"SNAP_CAROUSEL_RECOMMENDED_PLACES";"";"";"LUGARES RECOMENDADOS"
"SOCIAL_ITEM_ADD_FRIEND";"";"";"AÑADIR AMIGO"
"SOCIAL_ITEM_PENDING";"";"";"PENDIENTE"
"SOCIAL_ITEM_SOMEWHERE";"";"";"En algún lugar"
"SOCIAL_ITEM_UNBLOCK";"";"";"DESBLOQUEAR"
"SOCIAL_ITEM_UNKNOWN_LOCATION";"";"";"Ubicación desconocida"
"SOCIAL_MUTUAL_FRIENDS";"SOCIAL_MUTUAL_FRIENDS_PLURAL";"";"{friends} amigo en común"
"";"";"";"{friends} amigos en común"
"TIP_CARD_FORMAT";"";"";"[b]Consejo:[/b] {tip}"
"TIP_CARD_PLACEHOLDER";"";"";"[b]Consejo:[/b] Explora miles de scenes creadas por gente de todo el mundo."
"TIP_CREATOR_HUB";"";"";"Usa el Creator Hub para crear tus propios lugares y experiencias."
"TIP_EMOTES";"";"";"Usa los Emotes para saludar, reaccionar o celebrar. Toca el icono de Emote para abrir la rueda de Emotes."
"TIP_FRIENDS";"";"";"Decentraland es mejor con amigos. Conoce gente nueva y descubre dónde se reúnen."
"TIP_WEARABLES";"";"";"Los Wearables definen tu aspecto con el tiempo. Creados por la comunidad."
"TOAST_ADDRESS_COPIED";"";"";"Dirección copiada al portapapeles"
"TOAST_BLOCK_FAILED";"";"";"No se ha podido bloquear"
"TOAST_BUG_REPORT_FAILED_TITLE";"";"";"No se pudo enviar el reporte"
"TOAST_COPIED";"";"";"Copiado"
"TOAST_NAME_COPIED";"";"";"Nombre copiado al portapapeles"
"TOAST_POOR_CONNECTION_BODY";"";"";"Tu conexión es inestable. Puede que algunas funciones no vayan bien."
"TOAST_POOR_CONNECTION_TITLE";"";"";"Conexión deficiente"
"TOAST_UNBLOCK_FAILED";"";"";"No se ha podido desbloquear"
"TOAST_WORLD_NOT_EXIST_BODY";"";"";"{world} no existe."
"TOAST_WORLD_NOT_FOUND_TITLE";"";"";"World no encontrado"
"TOAST_WORLD_UNAVAILABLE_BODY";"";"";"No se ha podido cargar ""{world}"": {error}"
"TOAST_WORLD_UNAVAILABLE_TITLE";"";"";"World no disponible"
"TOAST_WORLD_UNREACHABLE_BODY";"";"";"No se ha podido conectar con {world}."
"TOOLTIP_ACTION_1";"";"";"Acción 1"
"TOOLTIP_ACTION_2";"";"";"Acción 2"
"TOOLTIP_ACTION_3";"";"";"Acción 3"
"TOOLTIP_ACTION_4";"";"";"Acción 4"
"TOOLTIP_ACTION_JUMP";"";"";"Saltar"
"TOOLTIP_ACTION_PRIMARY";"";"";"Principal"
"TOOLTIP_ACTION_SECONDARY";"";"";"Secundaria"
"TOOLTIP_ACTION_TAP";"";"";"Tocar"
"TOOLTIP_VIEW_PROFILE";"";"";"Ver perfil"
"UPDATE_AVAILABLE_A_NEW_VERSION_OF_DECENTRALAND_IS";"";"";"Hay una nueva versión de Decentraland disponible. Actualiza ahora para tener las últimas correcciones y mejoras."
"UPDATE_AVAILABLE_LATER";"";"";"MÁS TARDE"
"UPDATE_AVAILABLE_UPDATE";"";"";"ACTUALIZAR"
"UPDATE_AVAILABLE_UPDATE_AVAILABLE";"";"";"Actualización disponible"
"UPGRADE_MODAL_ADD_EMAIL_TO_UNLOCK_DECENTRALAND_ACROSS";"";"";"Añade tu email para usar Decentraland en todos tus dispositivos y consigue un"
"UPGRADE_MODAL_EXCLUSIVE_WEARABLE";"";"";"Wearable exclusivo."
"UPGRADE_MODAL_MAYBE_LATER";"";"";"QUIZÁS MÁS TARDE"
"URL_POPUP_ARE_YOU_SURE_YOU_WANT_TO";"";"";"¿Seguro que quieres seguir este enlace?"
"URL_POPUP_CONTINUE";"";"";"CONTINUAR"
"URL_POPUP_CONTINUING_WILL_OPEN_THE_LINK_IN";"";"";"Al continuar, el enlace se abrirá en tu navegador. Asegúrate de que es un sitio de confianza antes de seguir."
"USERNAME_PICKER_NAME";"";"";"Nombre"
"USERNAME_PICKER_NON_UNIQUE_NAME";"";"";"NOMBRE NO ÚNICO"
"USERNAME_PICKER_UNIQUE_NAME";"";"";"NOMBRE ÚNICO"
"USERNAME_PICKER_USERNAME";"";"";"Nombre de usuario"
"WEARABLE_BUTTON_BODY";"";"";"Cuerpo"
"WEARABLE_BUTTON_UNKNOWN";"";"";"Desconocido"
"WEARABLE_CATEGORY_ALL";"";"";"Todo"
"WEARABLE_CATEGORY_BODY";"";"";"Cuerpo"
"WEARABLE_CATEGORY_CHEST";"";"";"Torso"
"WEARABLE_CATEGORY_CLOTHING";"";"";"Ropa"
"WEARABLE_CATEGORY_EARRINGS";"";"";"Pendientes"
"WEARABLE_CATEGORY_EXTRAS";"";"";"Extras"
"WEARABLE_CATEGORY_EYEBROWS";"";"";"Cejas"
"WEARABLE_CATEGORY_EYES";"";"";"Ojos"
"WEARABLE_CATEGORY_FACE";"";"";"Cara"
"WEARABLE_CATEGORY_FACIAL_HAIR";"";"";"Vello facial"
"WEARABLE_CATEGORY_FEET";"";"";"Pies"
"WEARABLE_CATEGORY_GLASSES";"";"";"Gafas"
"WEARABLE_CATEGORY_HAIR";"";"";"Pelo"
"WEARABLE_CATEGORY_HANDS";"";"";"Manos"
"WEARABLE_CATEGORY_HATS";"";"";"Sombreros"
"WEARABLE_CATEGORY_HEAD";"";"";"Cabeza"
"WEARABLE_CATEGORY_HELMETS";"";"";"Cascos"
"WEARABLE_CATEGORY_LEGS";"";"";"Piernas"
"WEARABLE_CATEGORY_MASKS";"";"";"Máscaras"
"WEARABLE_CATEGORY_MOUTH";"";"";"Boca"
"WEARABLE_CATEGORY_SHAPE";"";"";"Figura"
"WEARABLE_CATEGORY_SKIN";"";"";"Piel"
"WEARABLE_CATEGORY_TIARAS";"";"";"Tiaras"
"WEARABLE_CATEGORY_TOP_HEAD";"";"";"Parte superior de la cabeza"
"WEARABLE_ITEM_DETAIL";"";"";"DETALLE"
"WEARABLE_ITEM_GET_CREDITS";"";"";"CONSEGUIR CRÉDITOS"
"WEARABLE_ITEM_NEW";"";"";"NUEVO"
