"keys";"?plural";"?context";"pt_BR"
"?pluralrule";"";"";"nplurals=2; plural=(n > 1);"
"AUTH_BROWSER_OPENING";"";"";"Abrindo navegador…"
"AUTH_BROWSER_WAITING";"";"";"Esperando o navegador…"
"AUTH_CHOOSE_LOOK_TITLE";"";"";"Escolha seu look"
"AUTH_DEEPLINK_FINISHING";"";"";"Finalizando login..."
"AUTH_EMAIL_CONFIRMING";"";"";"Confirmando acesso…"
"AUTH_EMAIL_PLACEHOLDER";"";"";"nome@email.com"
"AUTH_EMAIL_PROMPT";"";"";"Informe o e-mail"
"AUTH_EMAIL_TITLE";"";"";"Entre usando seu e-mail"
"AUTH_FAILED_TITLE";"";"";"Falha na autenticação"
"AUTH_GETTING_READY";"";"";"Iniciando sua sessão"
"AUTH_LEGAL_CONSENT";"";"";"Ao seguir, aceita os [color=#A0ABFF][url=""https://decentraland.org/terms/""]Termos de Serviço[/url][/color], a [color=#A0ABFF][url=""https://decentraland.org/privacy/""]Política de Privacidade[/url][/color] e a [color=#A0ABFF][url=""https://decentraland.org/content/""]Política de Conteúdo[/url][/color] da Decentraland."
"AUTH_LETS_GO";"";"";"VAMOS LÁ"
"AUTH_LOGIN_APPLE";"";"";"APPLE"
"AUTH_LOGIN_EMAIL";"";"";"CONTINUE POR E-MAIL"
"AUTH_LOGIN_GOOGLE";"";"";"GOOGLE"
"AUTH_LOGIN_METAMASK";"";"";"METAMASK"
"AUTH_LOGIN_WALLET_CONNECT";"";"";"WALLET CONNECT"
"AUTH_NAME_FIELD_LABEL";"";"";"Nome"
"AUTH_NAME_SAFETY_HINT";"";"";"*Por segurança, não use seu nome real."
"AUTH_OTP_SEND_CODE_FAILED";"";"";"Erro ao enviar código. Confira seu e-mail e tente de novo."
"AUTH_PICK_NAME_TITLE";"";"";"Escolha o nome"
"AUTH_PLAY_AS_GUEST";"";"";"JOGAR COMO CONVIDADO"
"AUTH_QUICK_DIVE";"";"";"JOGO RÁPIDO (CONTA DESCARTÁVEL)"
"AUTH_SIGNED_IN_AS";"";"";"Você fez login como"
"AUTH_SIGNED_IN_AS_NAME";"";"";"Você fez login como
{name}."
"AUTH_SIGN_IN_BUTTON";"";"";"ACESSAR"
"AUTH_SIGN_IN_TITLE";"";"";"Entre na Decentraland"
"AUTH_UPDATE_BODY";"";"";"Nova versão da Decentraland disponível. Atualize para a melhor experiência."
"AUTH_UPDATE_TITLE";"";"";"Nova versão liberada!"
"AUTH_USE_ANOTHER_ACCOUNT";"";"";"Utilize outra conta"
"AUTH_WALLET_OPENING_METAMASK";"";"";"Abrindo MetaMask..."
"AUTH_WALLET_WAITING_METAMASK";"";"";"Esperando o MetaMask..."
"AUTH_WELCOME_BACK";"";"";"Você voltou!"
"AUTH_WELCOME_TAGLINE";"";"";"Descubra um mundo criado
pela comunidade"
"AUTH_WELCOME_TITLE";"";"";"Bem-vindo à Decentraland"
"BACKPACK_ALL";"";"";"Tudo"
"BACKPACK_ALL_CAPS";"";"";"TUDO"
"BACKPACK_BACKPACK";"";"";"Mochila"
"BACKPACK_BODY";"";"";"CORPO"
"BACKPACK_CLOTHING";"";"";"VESTUÁRIO"
"BACKPACK_COLLECTIBLES";"";"";"Colecionáveis"
"BACKPACK_COLOR_LABEL";"";"";"Cor de {category}"
"BACKPACK_EMOTES";"";"";"Emotes"
"BACKPACK_EQUIPPED";"";"";"Equipado"
"BACKPACK_EXTRAS";"";"";"EXTRAS"
"BACKPACK_FACE";"";"";"FACE"
"BACKPACK_FIND_NEW_ONES_IN_THE_MARKETPLACE";"";"";"Novos itens estão no
[color=#A0ABFF][url]Marketplace[/url][/color]"
"BACKPACK_NOTHING_HERE_YET";"";"";"Ainda nada aqui."
"BACKPACK_OUTFITS";"";"";"Visuais"
"BACKPACK_WEARABLES";"";"";"Wearables"
"BUG_REPORT_CATEGORY_CHAT";"";"";"Chat"
"BUG_REPORT_CATEGORY_CRASH";"";"";"Travamento / Congelamento"
"BUG_REPORT_CATEGORY_FRIENDS";"";"";"Amigos"
"BUG_REPORT_CATEGORY_OTHER";"";"";"Outro"
"BUG_REPORT_CATEGORY_PERFORMANCE";"";"";"Desempenho"
"BUG_REPORT_CATEGORY_PROFILE";"";"";"Perfil"
"BUG_REPORT_CATEGORY_STREAMING";"";"";"Streaming"
"BUG_REPORT_CATEGORY_WEARABLES";"";"";"Wearables/Emotes"
"BUG_REPORT_DESCRIPTION";"";"";"Descrição"
"BUG_REPORT_DESCRIPTION_PLACEHOLDER";"";"";"Descreva brevemente o que aconteceu."
"BUG_REPORT_ISSUE_TYPE";"";"";"Tipo de problema"
"BUG_REPORT_SCREENSHOT";"";"";"Captura de tela"
"BUG_REPORT_TITLE";"";"";"Relatório de erro"
"CALENDAR_EVENT_LOCATION";"";"";"Decentraland em {x},{y}"
"CALENDAR_TIME_RANGE";"";"";"{start} às {end} {tz}"
"CHANGE_NICK_POPUP_A_NAME_COMES_WITH_A_WORLD";"";"";"Um NAME inclui um World para construir e realizar eventos e também dá poder de voto na DAO!"
"CHANGE_NICK_POPUP_CLAIM_A_UNIQUE_NAME_FOR_THE";"";"";"Garanta um NAME único para aproveitar toda a Decentraland"
"CHANGE_NICK_POPUP_CLAIM_NAME";"";"";"OBTER NAME"
"CHANGE_NICK_POPUP_EDIT_USERNAME";"";"";"Mudar apelido"
"CHANGE_NICK_POPUP_SAVE";"";"";"SALVAR"
"CHANGE_NICK_POPUP_USERNAME";"";"";"Apelido"
"CHATBAR_YOU_CAN_SWITCH_VERTICAL_CHAT_MODE";"";"";"Você pode usar
o chat na vertical"
"CHAT_HEADER_NEARBY";"";"";"Perto"
"CHAT_SEND";"";"";"ENVIAR"
"CHAT_SYSTEM_CHANGING_REALM";"";"";"[color=#ccc]Tentando ir para o Realm {realm}…[/color]"
"CHAT_SYSTEM_CHANGING_WORLD";"";"";"[color=#ccc]Tentando ir para o World {world}…[/color]"
"CHAT_SYSTEM_NO_CAMERA";"";"";"[color=#ccc]🔴 Sem câmera ativa[/color]"
"CHAT_SYSTEM_SENDER";"";"";"Sistema"
"CHAT_SYSTEM_TELEPORTED";"";"";"[color=#ccc]🟢 Teleportado a {location}[/color]"
"CHAT_SYSTEM_UNKNOWN_COMMAND";"";"";"[color=#ccc]🔴 Comando desconhecido[/color]"
"CHAT_SYSTEM_WELCOME";"";"";"[color=#cfc][b]Bem-vindo à Decentraland! Respeite todos e aproveite.[/b][/color]"
"CHAT_WRITE_A_MESSAGE";"";"";"Digite mensagem"
"CHAT_WRITE_A_MESSAGE_ELLIPSIS";"";"";"Digite mensagem..."
"CODE_MODAL_ENTER_VERIFICATION_CODE";"";"";"Digite o código enviado"
"CODE_MODAL_OTP_SENT_TO";"";"";"Senha de uso único enviada a [b]{email}[/b]. Digite seu código abaixo e finalize a verificação."
"CODE_MODAL_RESEND_LINK_ACTIVE";"";"";"[u][color=#A0ABFF]Reenviar e-mail[/color][/u]"
"CODE_MODAL_RESEND_LINK_DIMMED";"";"";"[u][color=#A0ABFFB3]Reenviar e-mail ({minutes}:{seconds})[/color][/u]"
"CODE_MODAL_RESEND_PREFIX";"";"";"E-mail não recebido? "
"CODE_MODAL_RESEND_PROMPT";"";"";"E-mail não recebido? [u][color=A0ABFF]Reenviar e-mail"
"CODE_MODAL_SENT_TO";"";"";"Senha de uso único enviada a [b]nome@email.com[/b]. Digite seu código abaixo e finalize a verificação."
"CODE_MODAL_THE_CODE_IS_INVALID_OR_EXPIRED";"";"";"O código é inválido ou expirou. Peça um novo código"
"CODE_MODAL_VERIFYING";"";"";"Validando..."
"COLOR_CARROUSEL_HAIR_COLOR";"";"";"Cor do cabelo"
"COLOR_PICKER_PRESETS";"";"";"PADRÕES
"
"COMMON_ADD_EMAIL";"";"";"ADICIONAR E-MAIL"
"COMMON_BLOCKED";"";"";"BLOQUEADOS"
"COMMON_BY";"";"";"por"
"COMMON_CANCEL";"";"";"CANCELAR"
"COMMON_DESCRIPTION";"";"";"DESCRIÇÃO"
"COMMON_DONE";"";"";"FEITO"
"COMMON_EDIT";"";"";"EDITAR"
"COMMON_EMAIL_ALREADY_LINKED";"";"";"Este e-mail já está associado a uma outra conta."
"COMMON_EMPTY_PARCEL";"";"";"Parcel vazio"
"COMMON_JUMP_IN";"";"";"ACESSAR"
"COMMON_NEARBY";"";"";"PERTO"
"COMMON_NEXT";"";"";"AVANÇAR"
"COMMON_NOT_NOW";"";"";"AGORA NÃO"
"COMMON_OR";"";"";"ou"
"COMMON_SOMEONE";"";"";"Alguém"
"COMMON_SOMETHING_WENT_WRONG";"";"";"Ops! Alguma coisa falhou!"
"COMMON_SOMETHING_WENT_WRONG_RETRY";"";"";"Algo falhou. Por favor, tente novamente"
"COMMON_SUBMIT";"";"";"ENVIAR"
"COMMON_TAP_TO_CONTINUE";"";"";"Toque e avance."
"COMMON_TOO_MANY_ATTEMPTS";"";"";"Muitas tentativas. Espere um instante e tente de novo."
"COMMON_TRY_AGAIN";"";"";"REPETIR"
"COMMON_UNKNOWN_PLACE";"";"";"Lugar desconhecido"
"COMMON_UNKNOWN_USER";"";"";"Desconhecido"
"COMMON_UNLOCK_THE_FULL_EXPERIENCE";"";"";"Libere a experiência total"
"COMMON_UPDATE";"";"";"ATUALIZAR"
"CREDITS_AMOUNT_DEDUCTED";"";"";"-{amount}"
"CREDITS_BALANCE_CARD_MY_CREDITS";"";"";"Meus Credits"
"CREDITS_CREDITS";"";"";"Credits"
"CREDITS_HISTORY_ITEM_REFUND_DEDUCTION";"";"";"Débito de estorno"
"CREDITS_HISTORY_PURCHASE_HISTORY";"";"";"compras passadas"
"CREDITS_PURCHASED";"CREDITS_PURCHASED_PLURAL";"";"Compra de {credits} CREDIT"
"";"";"";"Compra de {credits} CREDITS"
"CREDITS_PURCHASES";"";"";"Compras"
"CREDITS_QUANTITY";"";"";"Credits x{amount}"
"CREDITS_SHOP_CREDITS_ARE_A_LIMITED_DIGITAL_IN";"";"";"Credits são um recurso digital limitado do app, comprado com dinheiro real via Apple. Você pode usá-los no seu app iOS para adquirir conteúdo digital, como Wearables e Emotes."
"CREDITS_SHOP_CREDITS_DO_NOT_EXPIRE_HOWEVER_THE";"";"";"Credits não expiram. No entanto, a Fundação pode definir prazos de validade ou descontinuá-los futuramente, mediante aviso prévio de pelo menos 30 dias."
"CREDITS_SHOP_DO_CREDITS_EXPIRE";"";"";"Os Credits expiram?"
"CREDITS_SHOP_FAQ";"";"";"FAQ"
"CREDITS_SHOP_LICENCE";"";"";"Aceito comprar uma licença limitada de uso de Credits regida pelos [color=#E8B9FF][url=""https://decentraland.org/credits-terms""]Termos dos Credits[/url][/color]. Ao adquirir Credits, aceita os [color=#E8B9FF][url=""https://decentraland.org/terms""]Termos de Uso[/url][/color] e a [color=#E8B9FF][url=""https://decentraland.org/privacy""]Política de Privacidade[/url][/color] da Decentraland."
"CREDITS_SHOP_WHAT_ARE_CREDITS";"";"";"O que são Credits?"
"CUSTOM_BUTTON_SIGN_OUT";"";"";"SAIR"
"CUSTOM_SLIDER_ERROR";"";"";"Falha"
"DATE_AM";"";"";"am"
"DATE_MONTH_APR";"";"";"abr"
"DATE_MONTH_AUG";"";"";"ago"
"DATE_MONTH_DEC";"";"";"dez"
"DATE_MONTH_FEB";"";"";"fev"
"DATE_MONTH_JAN";"";"";"jan"
"DATE_MONTH_JUL";"";"";"jul"
"DATE_MONTH_JUN";"";"";"jun"
"DATE_MONTH_MAR";"";"";"mar"
"DATE_MONTH_MAY";"";"";"mai"
"DATE_MONTH_NOV";"";"";"nov"
"DATE_MONTH_OCT";"";"";"out"
"DATE_MONTH_SEP";"";"";"set"
"DATE_PM";"";"";"pm"
"DATE_SHORT_FORMAT";"";"";"{weekday}, {day}/{month}."
"DATE_WEEKDAY_FRI";"";"";"sex"
"DATE_WEEKDAY_MON";"";"";"seg"
"DATE_WEEKDAY_SAT";"";"";"sáb"
"DATE_WEEKDAY_SUN";"";"";"dom"
"DATE_WEEKDAY_THU";"";"";"qui"
"DATE_WEEKDAY_TUE";"";"";"ter"
"DATE_WEEKDAY_WED";"";"";"qua"
"DIALOGS_CANCEL";"";"";"Cancelar"
"DIALOGS_DESCRIPTION";"";"";"DESCRIÇÃO"
"DIALOGS_LOADING_NFT";"";"";"Carregando NFT…"
"DIALOGS_NO";"";"";"Não"
"DIALOGS_OWNER";"";"";"DONO"
"DIALOGS_VIEW_ON_OPENSEA";"";"";"VEJA NO OPENSEA"
"DIALOGS_YES";"";"";"Sim"
"DIALOG_STACK_TABS";"";"";"Abas: {count}"
"DISCOVER_CLEAN_ALL";"";"";"Limpar tudo"
"DISCOVER_DISCOVER";"";"";"Explorar"
"DISCOVER_DOWNLOADS_UP_TO_1GB_OF_DATA";"";"";"Baixa no máximo 1 GB de dados"
"DISCOVER_EVENTS";"";"";"Eventos"
"DISCOVER_EXPLORE_MORE";"";"";"Explore mais"
"DISCOVER_FAVORITES";"";"";"Favoritos"
"DISCOVER_FEATURED";"";"";"Destaque"
"DISCOVER_FRIENDS";"";"";"Amigos"
"DISCOVER_IT_SEEMS_THERE_IS_NOTHING_TO";"";"";"Parece não haver nada para exibir aqui..."
"DISCOVER_LAST_VISITED";"";"";"Recém-vistos"
"DISCOVER_LIVE";"";"";"AO VIVO"
"DISCOVER_MOST_ACTIVES";"";"";"Mais ativos"
"DISCOVER_MY_PLACES";"";"";"Meus locais"
"DISCOVER_NO_RESULT_FOUND";"";"";"Nada encontrado"
"DISCOVER_POINT_OF_INTEREST";"";"";"ponto de interesse"
"DISCOVER_RECENT_SEARCHES";"";"";"Buscas recentes"
"DISCOVER_SCENES";"";"";"Cenas"
"DISCOVER_SEARCHING";"";"";"Procurando"
"DISCOVER_SOMETHING_WENT_WRONG";"";"";"Algo deu
errado aqui"
"DISCOVER_THERE_WAS_AN_ERROR_AND_PLACES";"";"";"Ocorreu um erro e não pudemos carregar esses lugares."
"DISCOVER_TRENDING";"";"";"Em alta"
"DISCOVER_TRY_SEARCHING_WITH_DIFFERENT_KEYWORDS";"";"";"Tente pesquisar com
outras palavras."
"DISCOVER_WE_COULDN_T_LOAD_THE_RESULTS";"";"";"Falha ao carregar resultados.
Tente novamente."
"DROPDOWN_LIST_SELECT";"";"";"Escolher"
"EMOTES_EDIT";"";"";"Editar"
"EMOTES_EMOTES";"";"";"Emotes"
"EMOTES_EQUIP";"";"";"EQUIPAR"
"EMOTES_EQUIP_EMOTE";"";"";"Equipar Emote"
"EMOTES_NEW";"";"";"NOVO"
"EMOTES_UNEQUIP";"";"";"REMOVER"
"EVENTS_REMINDER_SET";"";"";"COM LEMBRETE"
"EVENTS_REMIND_ME";"";"";"LEMBRE-ME"
"EVENTS_SIGN_IN_TO_USE_REMINDERS";"";"";"ENTRE PARA USAR LEMBRETES"
"EVENT_FREQUENCY_DAILY";"";"";"Diário"
"EVENT_FREQUENCY_MONTHLY";"";"";"Por mês"
"EVENT_FREQUENCY_WEEKLY";"";"";"Semanal"
"EVENT_PILL_DATE";"";"";"{day} {month}"
"EVENT_PILL_IN_DAY";"EVENT_PILL_IN_DAY_PLURAL";"";"EM {days} DIA"
"";"";"";"EM {days} DIAS"
"EVENT_PILL_IN_HR";"EVENT_PILL_IN_HR_PLURAL";"";"EM {hours} H"
"";"";"";"EM {hours} H"
"EVENT_PILL_IN_MIN";"EVENT_PILL_IN_MIN_PLURAL";"";"EM {minutes} MIN"
"";"";"";"EM {minutes} MIN"
"FAV_BUTTON_UNFAVORITE";"";"";"REMOVER FAVORITO"
"FRIENDS_FRIENDS";"";"";"AMIGOS"
"FRIENDS_FRIENDS_COULDNT_LOAD";"";"";"Erro ao buscar amigos"
"FRIENDS_MEET_PEOPLE_NEARBY";"";"";"Conheça quem está perto e faça novos amigos"
"FRIENDS_NOW_ONLINE";"";"";"[color=#{color}]{name}[/color] [color=#8f8]ficou online![/color]"
"FRIENDS_NO_FRIENDS_YET";"";"";"Ainda sem amigos"
"FRIENDS_NO_ONE_NEARBY";"";"";"Ninguém perto"
"FRIENDS_NO_PENDING_REQUESTS";"";"";"Sem pedidos em espera"
"FRIENDS_OFFLINE";"";"";"OFFLINE"
"FRIENDS_ONLINE";"";"";"ONLINE"
"FRIENDS_RECEIVED";"";"";"RECEBIDOS"
"FRIENDS_REQUESTS";"";"";"PEDIDOS"
"FRIENDS_SENT";"";"";"ENVIADOS"
"FRIENDS_SOCIAL";"";"";"Social"
"FRIENDS_SOMETHING_WENT_WRONG_LOADING";"";"";"Erro ao carregar sua lista de amigos.
Tente novamente mais tarde."
"FRIENDS_TRY_TRAVELING_SOMEWHERE_ELSE_TO_MEET";"";"";"Vá a outros lugares para conhecer novas pessoas."
"FTUE_WELCOME";"";"";"Boas-vindas,
[color=#B18AFF]@{name}[/color]
Vamos começar já!"
"FTUE_WELCOME_PLACEHOLDER";"";"";"Boas-vindas,
[color=#E8B9FF]@UserName[/color]
Vamos começar já!"
"GUEST_UPGRADE_CARD_ADD_EMAIL_TO_PLAY_ACROSS_MOBILE";"";"";"Adicione um e-mail, jogue no celular e no PC e resgate um Wearable exclusivo."
"GUEST_UPGRADE_DISCOVER";"";"";"EXPLORAR"
"IAP_PURCHASE_OVERLAY_LOADING";"";"";"Carregando"
"IAP_PURCHASE_SUCCESS_MODAL_PURCHASE_SUCCESSFUL";"";"";"Compra
bem-sucedida"
"INFO_PANEL_LESS";"";"";"MENOS"
"INFO_PANEL_MORE";"";"";"MAIS"
"INPUTS_CHARACTER_LIMIT_EXCEEDED";"";"";"Limite de caracteres excedido"
"INPUTS_ENTER_VALID_EMAIL";"";"";"Digite um e-mail válido"
"INPUTS_ENTER_VALID_URL";"";"";"Digite uma URL válida"
"INPUTS_FIELD_REQUIRED";"";"";"Este campo é obrigatório"
"INPUTS_INVALID_FORMAT";"";"";"Formato errado"
"INPUTS_LETTERS_AND_NUMBERS_ONLY";"";"";"Use apenas letras e números"
"INPUTS_NO_EDGE_SPACES";"";"";"Sem espaços no início ou no fim"
"INPUTS_TYPE_TEXT_HERE";"";"";"Digite o texto..."
"INPUTS_USE_DATE_FORMAT";"";"";"Use o formato MM/DD/AAAA"
"INPUT_ERROR_CHARACTER_LIMIT";"";"";"Limite de texto atingido"
"INPUT_ERROR_NO_EDGE_SPACES";"";"";"Não use espaços nas pontas"
"INPUT_ERROR_NO_SPACES";"";"";"Espaços são inválidos"
"INPUT_ERROR_NO_SPECIAL_CHARACTERS";"";"";"Caracteres especiais não aceitos."
"INPUT_MODAL_ADD";"";"";"ADICIONAR"
"INPUT_MODAL_ADD_EMAIL";"";"";"Adicionar e-mail"
"INPUT_MODAL_MY_EMAIL";"";"";"Meu e-mail"
"INPUT_MODAL_NAME_EMAIL_COM";"";"";"nome@email.com"
"JUMP_IN_POPUP_CREATED_BY";"";"";"Criado por {creator}"
"JUMP_IN_POPUP_CREATED_BY_UNKNOWN";"";"";"Autor desconhecido"
"LOADING_CREATED_BY";"";"";"[color=#DF9CFF]Por[/color] [b]{creator}[/b]"
"LOADING_ENJOY_EXPERIENCE";"";"";"Curta sua experiência"
"LOADING_PERCENT";"";"";"{value}%"
"LOBBY_DISCARD";"";"";"DESCARTAR"
"LOBBY_DISCARD_BODY";"";"";"Ajustes do avatar não serão salvos."
"LOBBY_DISCARD_CHANGES";"";"";"Anular mudanças?"
"LOBBY_GUEST_SESSION_FAILED";"";"";"Não deu para entrar como convidado. Tente mais uma vez."
"LOBBY_GUEST_WALLET_RESET";"";"";"Wallet de convidado redefinida"
"LOBBY_SOMETHING_WENT_WRONG";"";"";"Algo deu errado aqui"
"MARKETPLACE_CTA_GO_TO_SHOP";"";"";"IR PARA A LOJA"
"MARKETPLACE_RECOMMENDED_SECTION_RECOMMENDED_FOR_YOU";"";"";"Sugestões para você"
"MENU_ADD_EMAIL_RECOVERY";"";"";"E-mail de recuperação"
"MENU_ALL_YOUR_PROGRESS_PURCHASES_AND_DATA";"";"";"Você perderá todo o seu progresso, compras e dados. A ação é permanente e não poderá ser desfeita."
"MENU_CANCEL_DELETION";"";"";"ANULAR EXCLUSÃO"
"MENU_DELETION_REQUESTED";"";"";"Pedido de exclusão"
"MENU_EMAIL_LINKED";"";"";"E-mail associado"
"MENU_ENTER_CODE";"";"";"Seu código"
"MENU_ENTER_THE_NUMERIC_CODE_WE_SENT";"";"";"Use o código numérico que enviamos."
"MENU_IF_YOU_REGISTERED_YOUR_DECENTRALAND_ACCOUNT";"";"";"*Se você criou sua conta na Decentraland via Wallet não custodial, não há nenhum dado a excluir, pois não armazenamos os seus dados."
"MENU_INVALID_RESPONSE";"";"";"Retorno inválido"
"MENU_LINK_AN_EMAIL_TO_RECOVER_THIS";"";"";"Associe um e-mail para recuperar sua conta. O endereço da Wallet não muda."
"MENU_NAVBAR_BUTTON_DISCOVER";"";"";"EXPLORAR"
"MENU_OK";"";"";"OK"
"MENU_OOOPS_SOMETHING_WENT_WRONG";"";"";"Ops... Ocorreu
algum problema"
"MENU_PLEASE_ENTER_A_VALID_EMAIL_ADDRESS";"";"";"Digite um endereço de e-mail válido"
"MENU_PROCESSING";"";"";"Processando"
"MENU_REQUEST_ACCOUNT_DELETION";"";"";"Pedir exclusão da sua conta?"
"MENU_RESEND_CODE";"";"";"REENVIAR CÓDIGO"
"MENU_SEND_CODE";"";"";"ENVIAR CÓDIGO"
"MENU_THIS_PROCESS_CAN_TAKE_UP_TO";"";"";"O processo pode levar até 30 dias no total."
"MENU_UPDATING_PROFILE";"";"";"Atualizando perfil…"
"MENU_VERIFY";"";"";"VALIDAR"
"MENU_WE_COULDN_T_PROCESS_YOUR_REQUEST";"";"";"Erro ao processar seu pedido.
Tente novamente mais tarde"
"MENU_WE_LL_KEEP_YOU_UPDATED_ON";"";"";"Você receberá atualizações do processo no endereço de e-mail usado para cadastrar essa conta."
"MENU_WE_SENT_A_CODE_TO_YOUR";"";"";"Enviamos código a seu e-mail"
"MENU_YES_DELETE";"";"";"SIM, APAGAR"
"MENU_YOUR_EMAIL_IS_LINKED_YOU_CAN";"";"";"E-mail vinculado. Agora você pode recuperar esta conta."
"MENU_YOU_EXAMPLE_COM";"";"";"voce@exemplo.com"
"MODAL_ADD_EMAIL_ERROR_BODY";"";"";"Algo deu errado. Tente novamente em instantes"
"MODAL_ADD_EMAIL_ERROR_TITLE";"";"";"Algo deu errado aqui"
"MODAL_ADD_EMAIL_PLACEHOLDER";"";"";"nome@email.com"
"MODAL_ADD_EMAIL_SUBTITLE";"";"";"Meu e-mail"
"MODAL_ADD_EMAIL_TITLE";"";"";"Adicionar e-mail"
"MODAL_BAN_KICKED_BODY";"";"";"Contate o suporte para obter mais informações."
"MODAL_BAN_KICKED_PRIMARY";"";"";"IR PARA EXPLORAR"
"MODAL_BAN_KICKED_TITLE";"";"";"Você foi banido(a)"
"MODAL_BAN_PRE_CHECK_BODY";"";"";"Você foi banido desta cena.
Para saber mais, entre em contato com o suporte"
"MODAL_BAN_PRE_CHECK_PRIMARY";"";"";"IR PARA EXPLORAR"
"MODAL_BAN_PRE_CHECK_TITLE";"";"";"Acesso proibido"
"MODAL_BUG_REPORT_SUCCESS_BODY";"";"";"Obrigado por ajudar a melhorar a Decentraland. Nossa equipe vai analisar seu relatório."
"MODAL_BUG_REPORT_SUCCESS_PRIMARY";"";"";"FECHAR"
"MODAL_BUG_REPORT_SUCCESS_TITLE";"";"";"Relatório enviado!"
"MODAL_BY";"";"";"por"
"MODAL_CODE_INVALID_OR_EXPIRED";"";"";"O código é inválido ou expirou. Peça um novo código"
"MODAL_CONNECTION_LOST_BODY";"";"";"Confira sua conexão com a internet e tente outra vez"
"MODAL_CONNECTION_LOST_PRIMARY";"";"";"REPETIR"
"MODAL_CONNECTION_LOST_SECONDARY";"";"";"SAIR"
"MODAL_CONNECTION_LOST_TITLE";"";"";"Conexão perdida"
"MODAL_CREDIT_LIMIT_DAILY_BODY";"";"";"Você atingiu o limite de Credits que pode comprar em um só dia."
"MODAL_CREDIT_LIMIT_PRIMARY";"";"";"OK"
"MODAL_CREDIT_LIMIT_TITLE";"";"";"Limite atingido"
"MODAL_CREDIT_LIMIT_TOTAL_BODY";"";"";"Você atingiu o limite de Credits em saldo e não pode comprar mais. Gaste seus Credits para comprar mais."
"MODAL_EMAIL_INVALID";"";"";"E-mail inválido"
"MODAL_EMAIL_IN_USE_BODY";"";"";"Este e-mail já está associado a outra conta.
Tente um e-mail diferente."
"MODAL_EMAIL_IN_USE_TITLE";"";"";"E-mail já cadastrado"
"MODAL_EXTERNAL_LINK_BODY";"";"";"Você está prestes a abrir um site externo. Confirme que ele é confiável antes de continuar."
"MODAL_EXTERNAL_LINK_PRIMARY";"";"";"ABRA LINK"
"MODAL_EXTERNAL_LINK_SECONDARY";"";"";"CANCELAR"
"MODAL_EXTERNAL_LINK_TITLE";"";"";"Abrir link externo?"
"MODAL_IAP_TERMS_CHECKBOX";"";"";"Li e aceito os [color=#E8B9FF][url=""https://decentraland.org/terms""]Termos de Uso[/url][/color], a [color=#E8B9FF][url=""https://decentraland.org/privacy""]Política de Privacidade[/url][/color], a [color=#E8B9FF][url=""https://decentraland.org/content""]Política de Conteúdo[/url][/color] e os [color=#E8B9FF][url=""https://decentraland.org/credits-terms""]Termos de Uso dos Credits[/url][/color] da Decentraland."
"MODAL_IAP_TERMS_PRIMARY";"";"";"CONFIRMAR"
"MODAL_IAP_TERMS_SECONDARY";"";"";"CANCELAR"
"MODAL_IAP_TERMS_TITLE";"";"";"Termos de Uso"
"MODAL_LOADING_IS_TAKING_LONGER_THAN_EXPECTED";"";"";"Carregamento mais lento que o esperado"
"MODAL_LOW_MEMORY_BODY";"";"";"Este lugar pode rodar mal no seu aparelho e acabar fechando inesperadamente."
"MODAL_LOW_MEMORY_PRIMARY";"";"";"CONTINUE"
"MODAL_LOW_MEMORY_SECONDARY";"";"";"IR PARA EXPLORAR"
"MODAL_LOW_MEMORY_TITLE";"";"";"Pouca memória"
"MODAL_LOW_SPEC_IPHONE_BODY";"";"";"Seu dispositivo está abaixo do recomendado (iPhone 13/SE 2023). Pode haver lentidão, travamentos ou aquecimento enquanto você joga"
"MODAL_LOW_SPEC_IPHONE_PRIMARY";"";"";"OK"
"MODAL_LOW_SPEC_IPHONE_TITLE";"";"";"Desempenho limitado"
"MODAL_PRIVATE_WORLD_BODY";"";"";"Só os convidados podem entrar."
"MODAL_PRIVATE_WORLD_PRIMARY";"";"";"OK"
"MODAL_PRIVATE_WORLD_TITLE";"";"";"{world} é privado."
"MODAL_PURCHASE_FAILED_BODY";"";"";"Não foi possível concluir sua compra"
"MODAL_PURCHASE_FAILED_PRIMARY";"";"";"OK"
"MODAL_PURCHASE_FAILED_TITLE";"";"";"Algo deu
errado aqui"
"MODAL_PURCHASE_IN_FLIGHT_BODY";"";"";"Uma compra já está em processamento. Aguarde a conclusão dessa compra antes de começar uma nova."
"MODAL_PURCHASE_IN_FLIGHT_PRIMARY";"";"";"OK"
"MODAL_PURCHASE_IN_FLIGHT_TITLE";"";"";"Compra em andamento."
"MODAL_PURCHASE_PROCESSING_BODY";"";"";"Sua compra foi concluída e seus Credits serão adicionados em breve"
"MODAL_PURCHASE_PROCESSING_PRIMARY";"";"";"OK"
"MODAL_PURCHASE_PROCESSING_TITLE";"";"";"Quase pronto"
"MODAL_PURCHASE_UNAVAILABLE_BODY";"";"";"Compras de Credits indisponíveis por ora. Tente novamente mais tarde."
"MODAL_PURCHASE_UNAVAILABLE_PRIMARY";"";"";"OK"
"MODAL_PURCHASE_UNAVAILABLE_TITLE";"";"";"Indisponível
no momento"
"MODAL_SCENE_CRASH_BODY";"";"";"Esta cena parou de funcionar. Recarregue ou volte à aba Explorar."
"MODAL_SCENE_CRASH_PRIMARY";"";"";"RECARREGAR"
"MODAL_SCENE_CRASH_SECONDARY";"";"";"VOLTAR"
"MODAL_SCENE_CRASH_TITLE";"";"";"Erro na cena"
"MODAL_SCENE_TIMEOUT_BODY";"";"";"Recarregue a experiência ou entre agora. Ela deve continuar a carregar em segundo plano."
"MODAL_SCENE_TIMEOUT_PRIMARY";"";"";"RECARREGAR"
"MODAL_SCENE_TIMEOUT_SECONDARY";"";"";"ENTRAR AGORA"
"MODAL_SCENE_TIMEOUT_TITLE";"";"";"Carregamento demora mais que o esperado"
"MODAL_SESSION_ENDED_DUPLICATE_BODY";"";"";"Sua sessão terminou porque a sua conta foi acessada a partir de outro local."
"MODAL_SESSION_ENDED_DUPLICATE_TITLE";"";"";"Fim da sessão"
"MODAL_SESSION_ENDED_OTHER_BODY";"";"";"Você foi desconectado do servidor. Tente de novo em outro momento."
"MODAL_SESSION_ENDED_OTHER_TITLE";"";"";"Desconectado"
"MODAL_SESSION_ENDED_RETRY_PRIMARY";"";"";"RECONECTAR"
"MODAL_SESSION_ENDED_ROOM_CLOSED_BODY";"";"";"A sala em que você estava foi fechada"
"MODAL_SESSION_ENDED_ROOM_CLOSED_TITLE";"";"";"Sala fechada"
"MODAL_SESSION_ENDED_SECONDARY";"";"";"SAIR"
"MODAL_SESSION_ENDED_SIGN_IN_PRIMARY";"";"";"ACESSAR"
"MODAL_TRY_RESTARTING_APP";"";"";"Reinicie o aplicativo."
"MODAL_YOU_CAN_RELOAD_THE_EXPERIENCE_OR";"";"";"Recarregue a experiência ou entre agora. Ela deve continuar a carregar em segundo plano."
"NOTIFICATIONS_CHECK_BACK_LATER_FOR_UPDATES";"";"";"Volte depois e veja novidades"
"NOTIFICATIONS_LIMITED_PERFORMANCE";"";"";"Desempenho limitado"
"NOTIFICATIONS_NOTIFICATIONS";"";"";"Notificações"
"NOTIFICATIONS_NO_NOTIFICATIONS_YET";"";"";"Nenhuma notificação."
"NOTIFICATIONS_READ_ALL";"";"";"LER TUDO"
"NOTIFICATIONS_SIGN_IN_TO_GET_NOTIFICATIONS";"";"";"Acesse e receba notificações!"
"NOTIFICATIONS_YOUR_DEVICE_IS_BELOW_OUR_RECOMMENDED";"";"";"Seu dispositivo está abaixo do recomendado (iPhone 13/SE 2023)"
"NOTIFICATION_DAYS_AGO";"NOTIFICATION_DAYS_AGO_PLURAL";"";"há {days} dia"
"";"";"";"há {days} dias"
"NOTIFICATION_HOURS_AGO";"NOTIFICATION_HOURS_AGO_PLURAL";"";"há {hours} h"
"";"";"";"há {hours} h"
"NOTIFICATION_JUST_NOW";"";"";"Agora"
"NOTIFICATION_MINUTES_AGO";"NOTIFICATION_MINUTES_AGO_PLURAL";"";"há {minutes} min"
"";"";"";"há {minutes} min"
"NOTIFICATION_MONTHS_AGO";"NOTIFICATION_MONTHS_AGO_PLURAL";"";"há {months} mês"
"";"";"";"há {months} meses"
"NOTIFICATION_WEEKS_AGO";"NOTIFICATION_WEEKS_AGO_PLURAL";"";"há {weeks} semana"
"";"";"";"há {weeks} semanas"
"NOTIFICATION_YEARS_AGO";"NOTIFICATION_YEARS_AGO_PLURAL";"";"há {years} ano"
"";"";"";"há {years} anos"
"NOTIFICATION_YESTERDAY";"";"";"Ontem"
"NOTIF_BODY_ACCEPT_YOUR_FRIEND_REQUEST";"";"";"Aceitou seu pedido de amizade"
"NOTIF_BODY_EVENT_STARTED";"";"";"O evento começou!"
"NOTIF_BODY_WANT_TO_BE_YOUR_FRIEND";"";"";"Quer ser seu amigo!"
"NOTIF_HEADER_BANNED_FROM_COMMUNITY";"";"";"Banido da comunidade"
"NOTIF_HEADER_BID_ACCEPTED";"";"";"Lance aceito"
"NOTIF_HEADER_BID_RECEIVED";"";"";"Lance recebido"
"NOTIF_HEADER_COMMUNITY_DELETED";"";"";"Comunidade apagada"
"NOTIF_HEADER_COMMUNITY_EVENT_ADDED";"";"";"Comunidade: novo evento"
"NOTIF_HEADER_COMMUNITY_INVITE_RECEIVED";"";"";"Convite de uma comunidade"
"NOTIF_HEADER_COMMUNITY_RENAMED";"";"";"Comunidade renomeada"
"NOTIF_HEADER_CO_AUTHOR_REQUESTED";"";"";"Pedido de coautoria"
"NOTIF_HEADER_DAO_ANNOUNCEMENT";"";"";"Comunicado da DAO"
"NOTIF_HEADER_DONT_MISS_OUT";"";"";"Não fique fora!"
"NOTIF_HEADER_EVENT";"";"";"Evento"
"NOTIF_HEADER_ITEM_SOLD";"";"";"Item vendido"
"NOTIF_HEADER_LAND_UPDATE";"";"";"LAND: novidades"
"NOTIF_HEADER_MEMBERSHIP_REQUEST_ACCEPTED";"";"";"Pedido de adesão foi aceito"
"NOTIF_HEADER_MEMBERSHIP_REQUEST_RECEIVED";"";"";"Novo pedido de participação"
"NOTIF_HEADER_NEW_BADGE_UNLOCKED";"";"";"Novo emblema obtido"
"NOTIF_HEADER_NEW_ITEM_RECEIVED";"";"";"Novo item recebido"
"NOTIF_HEADER_NOTIFICATION";"";"";"Notificação"
"NOTIF_HEADER_PROPOSAL_ENACTED";"";"";"Proposta vigente"
"NOTIF_HEADER_REMOVED_FROM_COMMUNITY";"";"";"Removido da comunidade"
"NOTIF_HEADER_REWARD_IN_PROGRESS";"";"";"Preparando prêmio…"
"NOTIF_HEADER_ROYALTIES_EARNED";"";"";"Royalties ganhos"
"NOTIF_HEADER_VOTING_ENDED";"";"";"Fim da votação"
"NOTIF_HEADER_WORLD_ACCESS_RESTORED";"";"";"World: acesso voltou!"
"NOTIF_HEADER_WORLD_ACCESS_RESTRICTED";"";"";"Acesso ao World restrito"
"NOTIF_HEADER_WORLD_MISSING_RESOURCES";"";"";"Faltam recursos no World"
"NOTIF_HEADER_WORLD_PERMISSION_GRANTED";"";"";"World: permissão obtida!"
"NOTIF_HEADER_WORLD_PERMISSION_REVOKED";"";"";"World: permissão revogada"
"NOTIF_HEADER_YOUR_COMMUNITY_HAS_BEEN_DELETED";"";"";"Sua comunidade já foi excluída."
"NOTIF_LOCAL_BODY_DONT_MISS_ACTION";"";"";"Entre para não perder a ação!"
"NOTIF_LOCAL_BODY_DRESS_UP";"";"";"Capriche no look e anime toda a festa"
"NOTIF_LOCAL_BODY_GANG_AWAITS";"";"";"Sua turma espera. Entre e vá pra festa!"
"NOTIF_LOCAL_BODY_GATHER_YOUR_CREW";"";"";"Junte sua turma e deixe a sua marca!"
"NOTIF_LOCAL_BODY_HOP_IN";"";"";"Entre agora e não perca nada!"
"NOTIF_LOCAL_BODY_JOIN_YOUR_FRIENDS";"";"";"Reúna amigos e conheça gente nova!"
"NOTIF_LOCAL_BODY_MEET_YOUR_PEOPLE";"";"";"Junte-se à sua turma aqui"
"NOTIF_LOCAL_EVENT_BEGINS";"";"";"{event} começa!"
"NOTIF_LOCAL_EVENT_IS_LIVE";"";"";"{event} ao vivo!"
"NOTIF_LOCAL_EVENT_IS_ON";"";"";"{event} no ar!"
"NOTIF_LOCAL_EVENT_IS_STARTING";"";"";"{event} vai começar!"
"NOTIF_LOCAL_EVENT_STARTED";"";"";"{event} começou!"
"NOTIF_TITLE_AN_EVENT_HAS_ENDED";"";"";"Um evento terminou"
"NOTIF_TITLE_AN_EVENT_HAS_STARTED";"";"";"Um evento se iniciou"
"NOTIF_TITLE_A_PROPOSAL_HAS_BEEN_ENACTED";"";"";"A proposta entrou em vigor!"
"NOTIF_TITLE_COMMUNITY_RENAMED";"";"";"A comunidade [b][{old_name}][/b] mudou seu nome para [b][{new_name}][/b]."
"NOTIF_TITLE_CONGRATS_YOURE_NOW_A_MEMBER_OF";"";"";"Parabéns! Agora você é integrante da comunidade [b][{community}][/b]"
"NOTIF_TITLE_EXPLORE_DECENTRALAND_AND_EARN_REWARDS";"";"";"Explore Decentraland e receba prêmios!"
"NOTIF_TITLE_LAND_UPDATE_NOTIFICATION";"";"";"Aviso de mudança na LAND"
"NOTIF_TITLE_NEW_GOVERNANCE_ANNOUNCEMENT";"";"";"Novo aviso sobre governança"
"NOTIF_TITLE_THE_COMMUNITY_HAS_ADDED_A_NEW";"";"";"A comunidade [b][{community}][/b] incluiu um novo evento."
"NOTIF_TITLE_THE_COMMUNITY_HAS_BEEN_DELETED";"";"";"A comunidade [b][{community}][/b] foi excluída agora"
"NOTIF_TITLE_THE_COMMUNITY_WAS_DELETED_FOR_VIOLATING";"";"";"A comunidade [b][{community}][/b] foi excluída por violar as Diretrizes da Decentraland."
"NOTIF_TITLE_UNKNOWN_COMMUNITY";"";"";"Comunidade desconhecida"
"NOTIF_TITLE_VOTING_HAS_ENDED";"";"";"Votação terminou"
"NOTIF_TITLE_WANTS_TO_JOIN_THE_COMMUNITY";"";"";"[b]{name}[/b] deseja entrar na comunidade [b]{community}[/b]."
"NOTIF_TITLE_WORLD_PERMISSION_GRANTED";"";"";"World: permissão obtida!"
"NOTIF_TITLE_WORLD_PERMISSION_REVOKED";"";"";"World: permissão revogada"
"NOTIF_TITLE_YOUR_WORLD_ACCESS_HAS_BEEN_RESTORED";"";"";"Seu acesso ao World foi restaurado!"
"NOTIF_TITLE_YOUR_WORLD_ACCESS_HAS_BEEN_RESTRICTED";"";"";"Seu acesso ao World agora é restrito."
"NOTIF_TITLE_YOUR_WORLD_IS_MISSING_RESOURCES";"";"";"Seu World tem recursos em falta"
"NOTIF_TITLE_YOUVE_BEEN_BANNED_FROM_THE_COMMUNITY";"";"";"Você foi banido da comunidade chamada [b][{community}][/b]."
"NOTIF_TITLE_YOUVE_BEEN_INVITED_TO_JOIN_THE";"";"";"Você recebeu um convite para a comunidade [b][{community}][/b]."
"NOTIF_TITLE_YOUVE_BEEN_REMOVED_FROM_THE_COMMUNITY";"";"";"Você foi removido da comunidade chamada [b][{community}][/b]"
"NOTIF_TITLE_YOUVE_BEEN_REQUESTED_AS_CO_AUTHOR";"";"";"Você recebeu convite para coautoria"
"NOTIF_TITLE_YOUVE_UNLOCKED_A_NEW_BADGE";"";"";"Você ganhou um novo emblema!"
"OTP_CODE_INCORRECT";"";"";"Código não funcionou. Confira e tente de novo."
"OTP_CODE_SENT_TO";"";"";"Enviamos código a {email}"
"PLACE_DOWNLOAD_WARNING";"";"";"Pode baixar até {megabytes} MB de dados."
"PLACE_DURATION_DAY";"PLACE_DURATION_DAY_PLURAL";"";"{days} DIA"
"";"";"";"{days} DIAS"
"PLACE_DURATION_HR";"PLACE_DURATION_HR_PLURAL";"";"{hours} H"
"";"";"";"{hours} H"
"PLACE_DURATION_MIN";"PLACE_DURATION_MIN_PLURAL";"";"{minutes} MIN"
"";"";"";"{minutes} MIN"
"POPUP_WARNING_LOAD_THE_SCENES_ARROUND_YOU";"";"";"Carregue cenas ao seu redor"
"POPUP_WARNING_PENDING_SCENES";"";"";"[center]Existem cenas aguardando o carregamento. Para manter a fluidez do jogo, elas só serão carregadas quando você mudar de cena. Para carregá-las de imediato, toque no botão [b]Atualizar[/b] no canto superior esquerdo da tela, com este ícone: [img]res://assets/ui/Reset.png[/img]"
"PROFILE_ABOUT_ME";"";"";"Sobre mim"
"PROFILE_ACCEPT";"";"";"ACEITAR"
"PROFILE_ADD_FRIEND";"";"";"ADICIONAR"
"PROFILE_ADD_LINK";"";"";"Pôr link"
"PROFILE_ADD_LINK_CAPS";"";"";"PÔR LINK"
"PROFILE_ADD_UP_TO_5_LINKS_TO";"";"";"Adicione até 5 links do seu site ou de redes sociais."
"PROFILE_BASE";"";"";"BASE"
"PROFILE_BLOCK";"";"";"Bloquear"
"PROFILE_CANCEL_REQUEST";"";"";"ANULAR PEDIDO"
"PROFILE_COUNTRY";"";"";"País"
"PROFILE_DESCRIBE_YOURSELF_IN_A_FEW_WORDS";"";"";"Descreva-se em poucas palavras."
"PROFILE_DESCRIPTION";"";"";"Descrição"
"PROFILE_EDIT_PROFILE";"";"";"Mudar perfil"
"PROFILE_EDIT_PROFILE_CAPS";"";"";"MUDAR PERFIL"
"PROFILE_EMPLOYMENT_STATUS";"";"";"Status de emprego"
"PROFILE_EQUIPPED";"";"";"equipado"
"PROFILE_E_G_INSTAGRAM";"";"";"ex.: Instagram"
"PROFILE_FRIEND";"";"";"AMIGO"
"PROFILE_GENDER";"";"";"Gênero"
"PROFILE_GENDER_AGENDER";"";"";"Agênero"
"PROFILE_GENDER_FEMALE";"";"";"Mulher"
"PROFILE_GENDER_FLUID";"";"";"Fluido"
"PROFILE_GENDER_MALE";"";"";"Homem"
"PROFILE_GENDER_NEUTRAL";"";"";"Neutro"
"PROFILE_GENDER_NON_BINARY";"";"";"Não binário"
"PROFILE_GENDER_OTHER";"";"";"Outro"
"PROFILE_GENDER_PANGENDER";"";"";"Pangênero"
"PROFILE_GENDER_QUEER";"";"";"Queer"
"PROFILE_GENDER_TRANSGENDER";"";"";"Transgênero"
"PROFILE_GENDER_TWO_SPIRIT";"";"";"Dois espíritos"
"PROFILE_HOBBY";"";"";"Hobby"
"PROFILE_HOBBY_CAPS";"";"";"HOBBY"
"PROFILE_LANGUAGE";"";"";"Idioma"
"PROFILE_LINK";"";"";"Link"
"PROFILE_LINKS";"";"";"Links"
"PROFILE_LINKS_CAPS";"";"";"LINKS"
"PROFILE_LINK_TITLE";"";"";"Título do link"
"PROFILE_LINK_URL_HTTPS";"";"";"URL do link (""https://"")"
"PROFILE_MUTE_CHAT";"";"";"Silenciar chat"
"PROFILE_ORIENTATION_ASEXUAL";"";"";"Assexual"
"PROFILE_ORIENTATION_BISEXUAL";"";"";"Bissexual"
"PROFILE_ORIENTATION_GAY";"";"";"Gay"
"PROFILE_ORIENTATION_HETEROSEXUAL";"";"";"Heterossexual"
"PROFILE_ORIENTATION_LESBIAN";"";"";"Lésbica"
"PROFILE_ORIENTATION_OTHER";"";"";"Outra"
"PROFILE_ORIENTATION_PANSEXUAL";"";"";"Pansexual"
"PROFILE_ORIENTATION_POLYSEXUAL";"";"";"Polissexual"
"PROFILE_ORIENTATION_QUEER";"";"";"Queer"
"PROFILE_PENDING";"";"";"PENDENTE"
"PROFILE_PROFESSION";"";"";"Profissão"
"PROFILE_PRONOUNS";"";"";"Pronomes"
"PROFILE_PRONOUN_HE_HIM";"";"";"Ele / Dele"
"PROFILE_PRONOUN_OTHER";"";"";"Outro"
"PROFILE_PRONOUN_PER_PER";"";"";"Per / Per"
"PROFILE_PRONOUN_SHE_HER";"";"";"Ela / Dela"
"PROFILE_PRONOUN_THEY_THEM";"";"";"Elu / Delu"
"PROFILE_PRONOUN_XE_XEM";"";"";"Xe / Xem"
"PROFILE_PRONOUN_ZE_HIR";"";"";"Ze / Hir"
"PROFILE_PRONOUN_ZE_ZIR";"";"";"Ze / Zir"
"PROFILE_REAL_NAME";"";"";"Nome real"
"PROFILE_RELATIONSHIP";"";"";"Relacionamento"
"PROFILE_RELATIONSHIP_DIVORCED";"";"";"Divorciado(a)"
"PROFILE_RELATIONSHIP_ENGAGED";"";"";"Noivo(a)"
"PROFILE_RELATIONSHIP_IN_AN_OPEN_RELATIONSHIP";"";"";"Relacionamento aberto"
"PROFILE_RELATIONSHIP_IN_A_RELATIONSHIP";"";"";"Em relacionamento"
"PROFILE_RELATIONSHIP_IT_S_COMPLICATED";"";"";"É bem complicado"
"PROFILE_RELATIONSHIP_MARRIED";"";"";"Casado(a)"
"PROFILE_RELATIONSHIP_OTHER";"";"";"Outro"
"PROFILE_RELATIONSHIP_SEPARATED";"";"";"Separado(a)"
"PROFILE_RELATIONSHIP_SINGLE";"";"";"Solteiro(a)"
"PROFILE_RELATIONSHIP_STATUS";"";"";"Status de relacionamento"
"PROFILE_RELATIONSHIP_WIDOWED";"";"";"Viúvo(a)"
"PROFILE_SAVE";"";"";"SALVAR"
"PROFILE_SEE_LESS";"";"";"VER MENOS"
"PROFILE_SEE_MORE";"";"";"VER MAIS"
"PROFILE_SELECT";"";"";"Escolher"
"PROFILE_SEXUAL_ORIENTATION";"";"";"Orientação sexual"
"PROFILE_UNBLOCK";"";"";"Desbloquear"
"PROFILE_UNFRIEND";"";"";"Remover amizade"
"PROFILE_UNMUTE_CHAT";"";"";"Reativar chat"
"PROFILE_USE_THIS_SPACE_TO_DESCRIBE_YOURSELF";"";"";"Use este espaço para se descrever em poucas palavras"
"PROFILE_VIEW";"";"";"VER"
"PROFILE_WRITE_HERE";"";"";"Digite aqui"
"REWARD_ALREADY_OWNED";"";"";"Você já tem essa recompensa."
"REWARD_CLAIM_FAILED";"";"";"Erro ao resgatar sua recompensa. Por favor, tente outra vez."
"REWARD_ERROR_INVALID_RESPONSE";"";"";"Resposta inválida do servidor de prêmios."
"REWARD_ERROR_SERVER_UNREACHABLE";"";"";"Erro de acesso ao servidor de prêmios."
"REWARD_ERROR_WALLET_REQUIRED";"";"";"Conecte uma Wallet para poder resgatar suas recompensas."
"REWARD_MODAL_CLAIMED";"";"";"RESGATADA"
"REWARD_MODAL_CLAIM_REWARD";"";"";"OBTER PRÊMIO"
"REWARD_MODAL_YOURE_ALL_SET";"";"";"Tudo preparado"
"REWARD_MODAL_YOUR_EMAIL_HAS_BEEN_VERIFIED_ENJOY";"";"";"Seu e-mail foi validado.
Aproveite o Wearable gratuito!"
"REWARD_MODAL_YOU_ALREADY_HAVE_THIS_REWARD";"";"";"Você já tem essa recompensa."
"REWARD_NOT_AVAILABLE";"";"";"Esta recompensa está indisponível agora"
"REWARD_OUT_OF_STOCK";"";"";"Esta recompensa já esgotou."
"REWARD_SESSION_UNVERIFIED";"";"";"Falha ao verificar a sua sessão. Tente novamente em instantes."
"SETTINGS_ACCOUNT";"";"";"Conta"
"SETTINGS_ADJUSTS_GRAPHICS_AUTOMATICALLY_FOR_OPTIMAL_PERFORMANCE";"";"";"Ajusta gráficos automaticamente para melhor desempenho."
"SETTINGS_AUDIO";"";"";"Áudio"
"SETTINGS_AVATAR_EMOTE";"";"";"Avatar e Emote"
"SETTINGS_CACHE_SIZE_GB";"";"";"{size} GB"
"SETTINGS_CACHE_SIZE_MB";"";"";"{size} MB"
"SETTINGS_CAMERA";"";"";"CÂMERA"
"SETTINGS_CAMERA_FIRST_PERSON";"";"";"Em 1ª pessoa"
"SETTINGS_CAMERA_THIRD_PERSON";"";"";"Em 3ª pessoa"
"SETTINGS_CHAT_SOCIAL";"";"";"CHAT E SOCIAL"
"SETTINGS_CLEAN_CACHE";"";"";"ZERAR CACHE"
"SETTINGS_CLEARS_DOWNLOADED_FILES_USED_TO_SPEED";"";"";"Limpa arquivos baixados das cenas mais visitadas. É seguro apagá-los."
"SETTINGS_CLOSE_CHAT_AFTER_SENDING";"";"";"Fechar chat após o envio"
"SETTINGS_COMMUNITY_CAPS";"";"";"COMUNIDADE"
"SETTINGS_CONTENT_POLICY";"";"";"Política de Conteúdo"
"SETTINGS_CURRENT_CACHE_SIZE";"";"";"Uso atual do cache"
"SETTINGS_CUSTOM_SKYBOX";"";"";"Skybox personalizado"
"SETTINGS_DEV_TOOLS";"";"";"Dev Tools"
"SETTINGS_DEV_TOOLS_CAPS";"";"";"DEV TOOLS"
"SETTINGS_DISCORD";"";"";"Discord"
"SETTINGS_DO_YOU_WANT_TO";"";"";"Você quer [color=#ff5f77][u]excluir sua conta?[/u][/color]"
"SETTINGS_DYNAMIC_GRAPHICS";"";"";"Gráficos dinâmicos"
"SETTINGS_DYNAMIC_SKYBOX";"";"";"Skybox dinâmico"
"SETTINGS_FAST_DAY_NIGHT_CYCLE_10S";"";"";"Dia/noite acelerados (10s)"
"SETTINGS_GAMEPLAY";"";"";"Jogabilidade"
"SETTINGS_GRAPHICS";"";"";"Gráficos"
"SETTINGS_GRAPHICS_PROFILE";"";"";"Perfil de vídeo"
"SETTINGS_GRAPHIC_PROFILE";"";"";"Perfil de vídeo"
"SETTINGS_GRAPHIC_PROFILE_CUSTOM";"";"";"Personalizado (só dev)"
"SETTINGS_GRAPHIC_PROFILE_HIGH";"";"";"Alto"
"SETTINGS_GRAPHIC_PROFILE_LOW";"";"";"Baixo"
"SETTINGS_GRAPHIC_PROFILE_MEDIUM";"";"";"Médio"
"SETTINGS_GRAPHIC_PROFILE_VERY_LOW";"";"";"Bem baixo"
"SETTINGS_HELP";"";"";"Ajuda"
"SETTINGS_HELP_CAPS";"";"";"AJUDA"
"SETTINGS_HELP_SUPPORT";"";"";"Ajuda e suporte"
"SETTINGS_HIDE_INTERACTION_PROMPTS";"";"";"Ocultar dicas para ações"
"SETTINGS_HIDE_INTERFACE";"";"";"Ocultar interface"
"SETTINGS_HIDE_PLAYER_NAMES";"";"";"Esconder os nomes"
"SETTINGS_HIDE_SCENE_INTERFACE";"";"";"Ocultar interface da cena"
"SETTINGS_HIDE_THE_ON_SCREEN_INTERFACE_TO";"";"";"Oculta a interface para fazer capturas de tela limpas."
"SETTINGS_HIDE_VIEW_PROFILE";"";"";"Omitir ""Ver perfil"""
"SETTINGS_INTERFACE";"";"";"Interface"
"SETTINGS_INTERFACE_CAPS";"";"";"INTERFACE"
"SETTINGS_LANGUAGE";"";"";"Idioma"
"SETTINGS_LANGUAGE_CAPS";"";"";"IDIOMA"
"SETTINGS_LANGUAGE_DESCRIPTION";"";"";"Idioma definido para toda a interface do app."
"SETTINGS_LANGUAGE_SECTION";"";"";"Idioma"
"SETTINGS_LEGAL_CAPS";"";"";"LEGAL E POLÍTICAS"
"SETTINGS_MAX_ACTIVE_LIGHTS";"";"";"Máx. luzes ativas"
"SETTINGS_MAX_CACHE_SIZE";"";"";"Cache (máximo)"
"SETTINGS_MIC_AMPLIFICATION";"";"";"Ganho do microfone"
"SETTINGS_MULTIPLAYER_DEBUG";"";"";"Debug multijogador"
"SETTINGS_MUSIC_AMBIENT";"";"";"Música/ambiente"
"SETTINGS_OPEN_USER_DATA_FOLDER";"";"";"Abrir pasta dos dados"
"SETTINGS_PARTICLES";"";"";"Partículas"
"SETTINGS_PARTICLES_OFF";"";"";"Desativado"
"SETTINGS_PERFORMANCE";"";"";"DESEMPENHO"
"SETTINGS_PRIVACY_POLICY";"";"";"Política de Privacidade"
"SETTINGS_PROCESS_TICK_QUOTA";"";"";"Cota de ticks de processo"
"SETTINGS_RAYCAST_DEBUGGER";"";"";"Debug de raycast"
"SETTINGS_REALM";"";"";"Realm"
"SETTINGS_REPORT";"";"";"DENUNCIAR"
"SETTINGS_REPORT_BUG";"";"";"Reportar Bug"
"SETTINGS_REPORT_CONTENT";"";"";"Denunciar conteúdo"
"SETTINGS_RESET_ALL";"";"";"REDEFINIR TUDO"
"SETTINGS_RETURN_TO_DISCOVER";"";"";"VOLTAR AO EXPLORAR"
"SETTINGS_RUN_AVATAR_IMPOSTOR_BENCHMARK";"";"";"Testar impostores de avatares"
"SETTINGS_SCENE";"";"";"Cena"
"SETTINGS_SCENE_LOGS_ENABLED";"";"";"Logs da cena ativos"
"SETTINGS_SCENE_PAUSED";"";"";"Cena pausada"
"SETTINGS_SETS_A_GRAPHICS_QUALITY_PRESET_FOR";"";"";"Define a qualidade gráfica padrão do aparelho."
"SETTINGS_SETS_HOW_MUCH_STORAGE_THE_APP";"";"";"Define quanto espaço o app pode ocupar"
"SETTINGS_SETTINGS";"";"";"Ajustes"
"SETTINGS_SHOP";"";"";"Loja"
"SETTINGS_SHOW_INTERACTABLE_AREA";"";"";"Exibir área interativa"
"SETTINGS_SHOW_REWARD_MODAL_MOBILEPET";"";"";"Exibir janela de prêmio (MobilePet)"
"SETTINGS_SKYBOX_AFTERNOON";"";"";"Tarde"
"SETTINGS_SKYBOX_MIDDAY";"";"";"Meio-dia"
"SETTINGS_SKYBOX_MIDNIGHT";"";"";"Meia-noite"
"SETTINGS_SKYBOX_MORNING";"";"";"Manhã"
"SETTINGS_STORAGE";"";"";"Espaço"
"SETTINGS_TEMPORARY_FILES";"";"";"DADOS TEMPORÁRIOS"
"SETTINGS_TERMS_OF_USE";"";"";"Termos de Uso"
"SETTINGS_TEST_NOTIFICATION_WITH_EMOJIS";"";"";"Testar notificação com emojis"
"SETTINGS_THE_CAMERA_MODE_IS_SET_BY";"";"";"Modo de câmera definido pelo criador. Não pode ser alterado"
"SETTINGS_THE_SKYBOX_IS_SET_BY_THE";"";"";"O criador definiu o skybox. Você não pode modificá-lo."
"SETTINGS_THE_SKY_CHANGES_OVER_TIME_AS";"";"";"O céu muda com o tempo enquanto joga."
"SETTINGS_URL";"";"";"URL"
"SETTINGS_VERSION";"";"";"Versão {version}"
"SETTINGS_VIEW_DISTANCE";"";"";"Alcance visual"
"SETTINGS_VISUAL";"";"";"VISUAL"
"SETTINGS_VOICE_CHAT";"";"";"Chat de voz"
"SETTINGS_VOLUME";"";"";"VOLUME"
"SETTINGS_WEBSOCKET_STATE";"";"";"Status WebSocket"
"SETTINGS_WEBSOCKET_URL";"";"";"URL WebSocket"
"SHARE_EVENT_MESSAGE";"";"";"📍 Visite o evento '{event}' acessando este link: {link}"
"SHARE_PLACE_MESSAGE";"";"";"📍 Venha até {place} comigo por este link: {link}"
"SHARE_SCENE_MESSAGE";"";"";"📍 Venha até {scene} comigo por este link: {link}"
"SNAP_CAROUSEL_RECOMMENDED_PLACES";"";"";"LOCAIS RECOMENDADOS"
"SOCIAL_ITEM_ADD_FRIEND";"";"";"ADICIONAR"
"SOCIAL_ITEM_PENDING";"";"";"PENDENTE"
"SOCIAL_ITEM_SOMEWHERE";"";"";"Em algum lugar"
"SOCIAL_ITEM_UNBLOCK";"";"";"DESBLOQUEAR"
"SOCIAL_ITEM_UNKNOWN_LOCATION";"";"";"Local desconhecido"
"SOCIAL_MUTUAL_FRIENDS";"SOCIAL_MUTUAL_FRIENDS_PLURAL";"";"{friends} amigo em comum"
"";"";"";"{friends} amigos em comum"
"TIP_CARD_FORMAT";"";"";"[b]Dica:[/b] {tip}"
"TIP_CARD_PLACEHOLDER";"";"";"[b]Dica:[/b] Explore milhares de cenas feitas pelos criadores de todo o planeta."
"TIP_CREATOR_HUB";"";"";"Use o Creator Hub e crie seus próprios locais e experiências."
"TIP_EMOTES";"";"";"Use Emotes para acenar, reagir e celebrar. Toque no ícone de Emote para abrir a roda"
"TIP_FRIENDS";"";"";"Decentraland é melhor com amigos. Conheça gente nova e descubra onde eles se encontram."
"TIP_WEARABLES";"";"";"Wearables feitos pela comunidade definem seu visual com o tempo."
"TOAST_ADDRESS_COPIED";"";"";"Endereço pronto para colar."
"TOAST_BLOCK_FAILED";"";"";"Falha ao bloquear"
"TOAST_BUG_REPORT_FAILED_TITLE";"";"";"Não foi possível enviar o relatório"
"TOAST_COPIED";"";"";"Copiado"
"TOAST_NAME_COPIED";"";"";"Nome copiado para colar."
"TOAST_POOR_CONNECTION_BODY";"";"";"Sua conexão está instável. Alguns recursos podem não funcionar bem."
"TOAST_POOR_CONNECTION_TITLE";"";"";"Conexão precária"
"TOAST_UNBLOCK_FAILED";"";"";"Falha ao desbloquear"
"TOAST_VERSION_COPIED";"";"";"Versão copiada para a área de transferência"
"TOAST_WORLD_NOT_EXIST_BODY";"";"";"{world} não existe."
"TOAST_WORLD_NOT_FOUND_TITLE";"";"";"World não localizado"
"TOAST_WORLD_UNAVAILABLE_BODY";"";"";"Falha ao abrir ""{world}"": {error}"
"TOAST_WORLD_UNAVAILABLE_TITLE";"";"";"World indisponível"
"TOAST_WORLD_UNREACHABLE_BODY";"";"";"Não deu para acessar {world}."
"TOOLTIP_ACTION_1";"";"";"Ação 1"
"TOOLTIP_ACTION_2";"";"";"Ação 2"
"TOOLTIP_ACTION_3";"";"";"Ação 3"
"TOOLTIP_ACTION_4";"";"";"Ação 4"
"TOOLTIP_ACTION_JUMP";"";"";"Pular"
"TOOLTIP_ACTION_PRIMARY";"";"";"Primária"
"TOOLTIP_ACTION_SECONDARY";"";"";"Secundária"
"TOOLTIP_ACTION_TAP";"";"";"Tocar"
"TOOLTIP_VIEW_PROFILE";"";"";"Ver perfil"
"UPDATE_AVAILABLE_A_NEW_VERSION_OF_DECENTRALAND_IS";"";"";"Há uma nova versão da Decentraland! Atualize agora para ter as últimas correções e melhorias."
"UPDATE_AVAILABLE_LATER";"";"";"DEPOIS"
"UPDATE_AVAILABLE_UPDATE";"";"";"ATUALIZAR"
"UPDATE_AVAILABLE_UPDATE_AVAILABLE";"";"";"Nova atualização"
"UPGRADE_MODAL_ADD_EMAIL_TO_UNLOCK_DECENTRALAND_ACROSS";"";"";"Com e-mail, jogue Decentraland em vários aparelhos e ganhe um"
"UPGRADE_MODAL_EXCLUSIVE_WEARABLE";"";"";"Wearable exclusivo."
"UPGRADE_MODAL_MAYBE_LATER";"";"";"TALVEZ DEPOIS"
"URL_POPUP_ARE_YOU_SURE_YOU_WANT_TO";"";"";"Tem certeza de que quer acessar este link?"
"URL_POPUP_CONTINUE";"";"";"CONTINUE"
"URL_POPUP_CONTINUING_WILL_OPEN_THE_LINK_IN";"";"";"Ao continuar, o link será aberto no navegador. Confira se você confia no site antes de prosseguir."
"USERNAME_PICKER_NAME";"";"";"Nome"
"USERNAME_PICKER_NON_UNIQUE_NAME";"";"";"NOME NÃO ÚNICO"
"USERNAME_PICKER_UNIQUE_NAME";"";"";"NOME ÚNICO"
"USERNAME_PICKER_USERNAME";"";"";"Apelido"
"WEARABLE_BUTTON_BODY";"";"";"Corpo"
"WEARABLE_BUTTON_UNKNOWN";"";"";"Desconhecido"
"WEARABLE_CATEGORY_ALL";"";"";"Tudo"
"WEARABLE_CATEGORY_BODY";"";"";"Corpo"
"WEARABLE_CATEGORY_CHEST";"";"";"Peito"
"WEARABLE_CATEGORY_CLOTHING";"";"";"Vestuário"
"WEARABLE_CATEGORY_EARRINGS";"";"";"Brincos"
"WEARABLE_CATEGORY_EXTRAS";"";"";"Extras"
"WEARABLE_CATEGORY_EYEBROWS";"";"";"Sobrancelhas"
"WEARABLE_CATEGORY_EYES";"";"";"Olhos"
"WEARABLE_CATEGORY_FACE";"";"";"Face"
"WEARABLE_CATEGORY_FACIAL_HAIR";"";"";"Pelo facial"
"WEARABLE_CATEGORY_FEET";"";"";"Pés"
"WEARABLE_CATEGORY_GLASSES";"";"";"Óculos"
"WEARABLE_CATEGORY_HAIR";"";"";"Cabelo"
"WEARABLE_CATEGORY_HANDS";"";"";"Mãos"
"WEARABLE_CATEGORY_HATS";"";"";"Chapéus"
"WEARABLE_CATEGORY_HEAD";"";"";"Cabeça"
"WEARABLE_CATEGORY_HELMETS";"";"";"Capacetes"
"WEARABLE_CATEGORY_LEGS";"";"";"Pernas"
"WEARABLE_CATEGORY_MASKS";"";"";"Máscaras"
"WEARABLE_CATEGORY_MOUTH";"";"";"Boca"
"WEARABLE_CATEGORY_SHAPE";"";"";"Forma"
"WEARABLE_CATEGORY_SKIN";"";"";"Pele"
"WEARABLE_CATEGORY_TIARAS";"";"";"Tiaras"
"WEARABLE_CATEGORY_TOP_HEAD";"";"";"Topo da cabeça"
"WEARABLE_ITEM_DETAIL";"";"";"DETALHE"
"WEARABLE_ITEM_GET_CREDITS";"";"";"OBTER CREDITS"
"WEARABLE_ITEM_NEW";"";"";"NOVO"
